CrimeDateTime,ASSAULT,BATTERY,WEAPONS VIOLATION,THEFT,CRIMINAL TRESPASS,MOTOR VEHICLE THEFT,CRIMINAL DAMAGE,DECEPTIVE PRACTICE,ROBBERY,PUBLIC PEACE VIOLATION,CRIMINAL SEXUAL ASSAULT,NARCOTICS,OTHER OFFENSE,BURGLARY,OFFENSE INVOLVING CHILDREN,SEX OFFENSE,HOMICIDE,INTERFERENCE WITH PUBLIC OFFICER,CONCEALED CARRY LICENSE VIOLATION,PROSTITUTION,HUMAN TRAFFICKING,OBSCENITY,STALKING,ARSON,LIQUOR LAW VIOLATION,KIDNAPPING,INTIMIDATION,PUBLIC INDECENCY,NON-CRIMINAL,GAMBLING,OTHER NARCOTIC VIOLATION
2021-01-01,39,158,61,76,10,22,94,130,11,5,16,12,65,21,32,10,2,1,2.0,2.0,1.0,1,1,,,,,,,,
2021-01-02,34,84,31,78,8,23,40,54,14,0,2,20,35,16,4,1,1,1,0.0,0.0,0.0,0,1,1.0,1.0,,,,,,
2021-01-03,33,108,31,70,13,30,73,62,20,3,3,24,20,15,4,2,2,1,0.0,0.0,0.0,0,0,1.0,0.0,1.0,,,,,
2021-01-04,38,84,30,87,8,23,54,104,13,1,5,14,35,18,5,5,3,1,0.0,0.0,0.0,1,2,1.0,0.0,0.0,,,,,
2021-01-05,39,79,26,93,5,29,62,92,22,4,1,21,32,21,3,1,1,4,1.0,0.0,0.0,0,3,1.0,0.0,0.0,,,,,
2021-01-06,49,64,16,77,10,22,45,100,19,1,3,22,33,11,3,2,3,1,0.0,0.0,0.0,0,2,1.0,0.0,0.0,1.0,,,,
2021-01-07,39,87,32,115,13,27,49,88,31,2,3,18,42,15,5,3,1,2,1.0,2.0,0.0,0,1,2.0,0.0,0.0,0.0,,,,
2021-01-08,60,84,21,111,7,31,73,83,25,1,2,22,31,24,5,1,1,3,0.0,0.0,0.0,0,1,0.0,1.0,0.0,1.0,,,,
2021-01-09,46,100,27,76,9,30,58,31,19,1,2,24,38,13,4,2,5,1,1.0,0.0,0.0,1,1,3.0,2.0,0.0,0.0,,,,
2021-01-10,42,96,37,80,9,25,69,92,23,0,3,17,37,14,6,0,0,4,0.0,0.0,0.0,0,2,2.0,0.0,0.0,0.0,,,,
2021-01-11,56,68,18,85,4,29,41,90,32,1,1,16,22,15,3,0,1,1,0.0,0.0,0.0,0,3,1.0,0.0,0.0,1.0,,,,
2021-01-12,45,81,20,101,5,29,66,103,35,4,3,18,29,13,8,1,1,1,0.0,0.0,0.0,0,1,0.0,0.0,0.0,2.0,,,,
2021-01-13,44,78,20,84,10,26,59,94,24,2,5,11,32,17,6,3,1,0,0.0,0.0,0.0,1,0,0.0,0.0,0.0,0.0,,,,
2021-01-14,37,68,17,99,12,27,64,104,27,0,0,12,29,16,2,6,2,5,0.0,0.0,0.0,2,2,2.0,0.0,0.0,1.0,,,,
2021-01-15,60,88,14,104,13,22,57,97,30,2,3,18,36,22,9,2,2,0,0.0,0.0,0.0,0,1,1.0,0.0,1.0,0.0,,,,
2021-01-16,46,107,24,73,11,28,70,26,31,1,1,11,26,18,5,3,1,0,0.0,0.0,0.0,0,2,1.0,0.0,0.0,0.0,,,,
2021-01-17,45,105,26,88,4,38,61,76,26,1,4,7,38,12,4,1,4,0,0.0,0.0,0.0,0,1,1.0,0.0,0.0,0.0,,,,
2021-01-18,33,68,15,86,10,35,71,38,31,3,4,12,41,17,4,3,1,0,1.0,0.0,0.0,0,0,0.0,0.0,0.0,0.0,,,,
2021-01-19,44,93,16,89,11,27,56,69,32,2,3,16,36,11,6,4,1,1,0.0,0.0,0.0,1,0,1.0,0.0,0.0,3.0,,,,
2021-01-20,37,77,17,92,4,34,53,130,24,1,3,15,20,18,7,2,1,0,1.0,0.0,0.0,0,0,3.0,0.0,0.0,0.0,,,,
2021-01-21,35,93,20,98,8,23,42,141,42,1,1,12,32,24,7,4,2,0,0.0,0.0,0.0,0,2,4.0,0.0,0.0,0.0,,,,
2021-01-22,38,84,18,74,11,29,53,118,15,1,3,14,36,14,2,0,4,2,0.0,0.0,0.0,0,1,2.0,1.0,1.0,0.0,,,,
2021-01-23,51,127,36,95,7,24,54,35,24,1,3,11,22,21,6,2,2,1,0.0,0.0,0.0,0,0,4.0,0.0,0.0,0.0,,,,
2021-01-24,43,105,31,83,8,28,67,43,21,1,3,15,38,13,3,1,3,0,0.0,0.0,0.0,0,0,3.0,0.0,0.0,0.0,,,,
2021-01-25,49,87,14,77,11,37,52,107,18,1,1,13,39,21,4,6,1,0,0.0,0.0,0.0,0,0,0.0,0.0,0.0,0.0,,,,
2021-01-26,34,76,10,70,4,18,51,84,15,1,0,24,33,16,0,1,0,1,1.0,0.0,0.0,0,0,1.0,0.0,0.0,0.0,,,,
2021-01-27,54,68,14,96,4,22,41,124,17,0,2,25,33,8,3,1,1,1,1.0,0.0,0.0,1,0,1.0,0.0,0.0,0.0,,,,
2021-01-28,36,68,14,85,7,20,42,102,27,1,2,27,24,10,4,4,2,1,1.0,0.0,0.0,0,0,1.0,0.0,0.0,0.0,1.0,,,
2021-01-29,37,105,21,81,4,18,29,92,25,1,2,23,34,7,8,1,2,1,1.0,0.0,0.0,0,0,0.0,0.0,0.0,0.0,0.0,,,
2021-01-30,41,102,23,88,7,18,48,42,21,1,1,13,35,15,1,3,2,0,0.0,0.0,0.0,1,0,0.0,0.0,0.0,0.0,0.0,,,
2021-01-31,55,84,5,56,7,8,33,28,13,2,1,1,28,10,4,2,2,0,0.0,0.0,1.0,0,0,1.0,0.0,0.0,0.0,0.0,,,
2021-02-01,58,86,15,77,9,18,43,128,13,0,4,17,44,14,9,7,0,2,2.0,0.0,0.0,0,0,0.0,0.0,1.0,0.0,0.0,,,
2021-02-02,45,99,19,81,12,16,51,83,16,2,1,22,37,7,3,4,2,0,0.0,0.0,0.0,0,1,1.0,1.0,0.0,0.0,0.0,,,
2021-02-03,46,74,22,71,8,24,52,71,21,3,4,36,46,14,3,2,1,1,0.0,0.0,0.0,0,1,0.0,1.0,0.0,0.0,0.0,,,
2021-02-04,52,81,15,74,5,20,34,59,21,3,2,19,27,13,4,0,0,0,1.0,0.0,1.0,0,1,2.0,0.0,0.0,1.0,0.0,,,
2021-02-05,36,83,20,75,6,34,50,62,13,0,2,26,45,11,5,6,2,1,1.0,3.0,0.0,0,0,0.0,2.0,0.0,0.0,0.0,,,
2021-02-06,31,109,14,63,12,19,40,36,18,1,6,15,27,6,0,4,1,1,0.0,0.0,0.0,0,0,1.0,0.0,0.0,0.0,0.0,,,
2021-02-07,45,101,10,63,5,21,42,43,9,0,0,5,22,8,1,1,2,0,2.0,0.0,0.0,0,0,1.0,1.0,0.0,0.0,0.0,,,
2021-02-08,38,71,12,68,7,28,41,56,17,1,3,12,37,9,8,2,3,1,0.0,0.0,0.0,0,0,0.0,0.0,0.0,0.0,0.0,,,
2021-02-09,49,64,14,76,7,26,50,35,32,0,1,22,33,15,4,1,1,3,0.0,1.0,0.0,0,1,1.0,2.0,0.0,1.0,0.0,,,
2021-02-10,38,67,18,72,7,18,44,55,14,0,3,26,33,16,7,0,2,1,0.0,0.0,0.0,0,1,2.0,0.0,0.0,0.0,0.0,,,
2021-02-11,41,87,13,83,5,29,43,57,16,0,0,23,17,14,4,3,0,1,0.0,0.0,0.0,0,2,0.0,0.0,1.0,0.0,0.0,,,
2021-02-12,39,75,15,97,4,23,54,61,21,0,0,33,41,9,4,0,2,2,1.0,0.0,0.0,1,0,1.0,1.0,1.0,0.0,0.0,1.0,,
2021-02-13,47,86,11,73,9,24,52,32,20,1,3,13,32,11,4,1,1,0,0.0,0.0,0.0,0,2,0.0,1.0,0.0,0.0,0.0,0.0,,
2021-02-14,36,96,14,60,5,26,38,47,10,1,6,11,32,11,2,5,2,0,0.0,0.0,0.0,0,0,0.0,0.0,0.0,0.0,1.0,0.0,,
2021-02-15,35,81,6,38,7,17,42,38,15,0,4,9,31,5,3,1,1,0,2.0,0.0,0.0,0,1,1.0,0.0,0.0,0.0,0.0,0.0,,
2021-02-16,47,75,4,44,6,12,32,47,19,1,3,20,37,6,4,2,2,1,1.0,0.0,0.0,1,1,0.0,0.0,0.0,1.0,0.0,0.0,,
2021-02-17,46,66,16,65,7,22,36,76,23,0,6,21,33,11,2,1,1,0,0.0,0.0,0.0,0,1,2.0,0.0,0.0,0.0,0.0,0.0,,
2021-02-18,49,72,13,66,11,23,52,53,12,1,3,33,34,15,4,2,2,0,0.0,0.0,0.0,0,1,0.0,1.0,0.0,0.0,0.0,0.0,,
2021-02-19,49,88,23,92,9,22,55,56,13,0,5,29,24,9,7,3,0,1,1.0,0.0,0.0,0,0,2.0,2.0,0.0,0.0,0.0,0.0,,
2021-02-20,45,92,13,78,5,24,59,36,17,2,9,29,41,8,4,3,2,1,0.0,0.0,0.0,0,0,1.0,2.0,0.0,0.0,0.0,0.0,,
2021-02-21,50,101,23,68,5,15,73,46,19,3,2,11,30,5,2,3,1,1,0.0,3.0,0.0,0,1,2.0,0.0,0.0,0.0,0.0,0.0,,
2021-02-22,42,83,14,90,10,28,62,70,14,1,2,23,28,19,3,2,2,0,0.0,0.0,0.0,1,1,0.0,0.0,0.0,0.0,0.0,0.0,,
2021-02-23,53,95,18,102,5,24,69,62,19,0,3,28,42,15,2,1,0,1,3.0,0.0,0.0,1,0,2.0,1.0,0.0,0.0,0.0,0.0,,
2021-02-24,48,88,23,87,9,25,61,68,20,2,4,23,31,21,2,5,1,0,0.0,0.0,0.0,0,0,1.0,0.0,0.0,0.0,0.0,0.0,,
2021-02-25,57,97,22,93,12,14,58,66,18,1,4,31,35,17,7,0,1,0,0.0,0.0,0.0,0,0,0.0,0.0,0.0,0.0,0.0,0.0,,
2021-02-26,60,90,22,91,6,29,72,71,16,0,3,27,45,21,7,2,1,0,1.0,0.0,0.0,1,1,0.0,1.0,3.0,1.0,0.0,0.0,,
2021-02-27,50,116,28,94,9,26,85,52,18,1,2,26,32,12,7,5,1,1,0.0,0.0,0.0,0,1,1.0,1.0,0.0,0.0,0.0,0.0,,
2021-02-28,52,116,29,82,12,23,67,55,14,2,9,18,38,29,2,4,5,1,0.0,0.0,0.0,1,1,2.0,1.0,0.0,0.0,0.0,0.0,,
2021-03-01,39,79,21,98,8,31,60,145,19,5,7,23,50,16,12,6,1,2,0.0,0.0,0.0,1,0,1.0,0.0,1.0,2.0,0.0,0.0,,
2021-03-02,42,77,17,98,9,25,48,71,14,2,5,20,48,15,8,1,1,2,0.0,0.0,0.0,0,1,1.0,0.0,0.0,1.0,0.0,0.0,,
2021-03-03,52,102,23,105,12,18,52,69,19,0,4,42,48,11,7,0,0,1,0.0,0.0,0.0,1,0,1.0,0.0,0.0,0.0,0.0,0.0,,
2021-03-04,29,86,20,107,10,39,59,69,16,4,5,31,35,12,2,2,1,1,1.0,0.0,0.0,0,1,2.0,0.0,0.0,0.0,0.0,0.0,,
2021-03-05,34,85,18,106,12,28,58,65,17,2,6,33,38,18,5,2,0,1,1.0,1.0,0.0,0,0,0.0,2.0,0.0,0.0,0.0,0.0,,
2021-03-06,62,128,23,87,12,23,60,28,22,2,3,17,34,10,3,2,2,1,1.0,0.0,0.0,1,3,1.0,1.0,0.0,0.0,0.0,0.0,,
2021-03-07,43,127,28,59,11,29,62,38,17,1,8,13,32,12,3,2,1,1,0.0,0.0,0.0,0,0,1.0,0.0,1.0,1.0,0.0,0.0,,
2021-03-08,48,108,35,94,9,27,59,48,15,2,6,19,40,13,3,6,4,0,0.0,0.0,0.0,0,0,1.0,0.0,0.0,0.0,0.0,0.0,,
2021-03-09,56,114,40,90,11,23,71,60,20,2,5,35,38,13,4,0,0,0,1.0,0.0,0.0,0,0,5.0,1.0,0.0,1.0,0.0,0.0,,
2021-03-10,53,110,29,82,8,28,73,52,16,0,3,42,35,15,2,1,4,1,1.0,2.0,0.0,0,1,0.0,0.0,0.0,0.0,0.0,0.0,,
2021-03-11,42,88,26,90,11,21,47,57,17,3,4,41,30,7,4,3,0,1,1.0,2.0,0.0,0,2,2.0,0.0,0.0,0.0,0.0,0.0,,
2021-03-12,49,94,23,106,15,17,66,45,12,1,7,32,43,10,10,3,1,0,0.0,0.0,0.0,1,0,1.0,0.0,0.0,0.0,0.0,0.0,1.0,
2021-03-13,39,123,33,83,9,18,73,27,12,2,5,26,31,14,3,4,1,2,0.0,0.0,0.0,1,2,0.0,0.0,0.0,1.0,0.0,0.0,0.0,
2021-03-14,41,100,26,64,9,28,75,23,19,1,5,13,33,11,2,2,4,0,0.0,0.0,0.0,0,0,1.0,1.0,0.0,0.0,0.0,0.0,0.0,
2021-03-15,37,86,18,73,7,19,59,84,17,0,1,25,45,9,3,2,1,2,1.0,0.0,0.0,0,2,3.0,0.0,0.0,1.0,0.0,0.0,0.0,
2021-03-16,49,89,14,79,9,24,48,70,12,4,1,30,39,4,5,1,0,0,0.0,1.0,0.0,2,1,1.0,0.0,0.0,1.0,0.0,0.0,0.0,
2021-03-17,57,98,11,74,6,25,51,61,12,4,6,34,42,21,3,4,0,2,2.0,0.0,0.0,0,0,2.0,0.0,2.0,1.0,0.0,0.0,0.0,1.0
2021-03-18,43,78,21,74,5,22,48,53,17,0,1,28,37,15,4,5,0,0,0.0,0.0,0.0,0,0,2.0,1.0,0.0,0.0,0.0,0.0,0.0,0.0
2021-03-19,43,91,22,97,6,32,71,58,14,1,3,19,27,10,5,2,1,2,0.0,0.0,0.0,0,0,1.0,1.0,0.0,0.0,0.0,0.0,0.0,0.0
2021-03-20,42,106,31,92,8,26,58,52,13,1,3,15,25,12,2,3,1,2,1.0,0.0,0.0,0,0,1.0,0.0,1.0,1.0,0.0,0.0,0.0,0.0
2021-03-21,53,122,38,82,8,23,81,31,15,2,4,21,42,16,9,0,2,2,1.0,0.0,0.0,0,1,1.0,0.0,0.0,0.0,0.0,0.0,0.0,0.0
2021-03-22,51,128,27,104,15,23,67,63,12,2,1,27,44,22,9,5,3,2,1.0,0.0,0.0,0,0,1.0,0.0,0.0,0.0,0.0,0.0,0.0,0.0
2021-03-23,38,81,23,97,5,29,64,50,14,0,1,31,37,8,3,4,4,2,0.0,0.0,0.0,0,1,3.0,0.0,0.0,0.0,0.0,0.0,0.0,0.0
2021-03-24,59,85,20,96,5,16,56,55,18,0,5,36,37,12,1,1,2,1,0.0,0.0,0.0,0,2,1.0,0.0,0.0,0.0,0.0,0.0,0.0,0.0
2021-03-25,36,87,14,88,4,31,48,44,19,0,8,28,37,16,5,2,1,1,1.0,0.0,0.0,1,1,1.0,0.0,0.0,0.0,0.0,0.0,0.0,0.0
2021-03-26,55,97,20,84,9,38,60,47,23,0,1,17,44,4,6,1,3,0,0.0,0.0,0.0,0,0,1.0,0.0,0.0,0.0,0.0,0.0,0.0,0.0
2021-03-27,51,122,38,67,6,28,55,25,14,0,5,9,31,13,3,3,0,1,0.0,0.0,0.0,0,2,2.0,1.0,0.0,0.0,0.0,0.0,0.0,0.0
2021-03-28,58,124,29,84,10,27,64,31,11,2,3,26,39,16,5,3,4,0,0.0,0.0,0.0,0,0,4.0,0.0,0.0,0.0,0.0,0.0,0.0,0.0
2021-03-29,48,115,23,80,9,25,67,34,5,1,4,23,36,10,6,4,0,1,1.0,0.0,0.0,0,3,2.0,0.0,3.0,0.0,0.0,0.0,0.0,0.0
2021-03-30,47,95,26,106,9,24,67,34,13,1,6,30,37,16,5,4,0,1,0.0,0.0,0.0,0,0,5.0,1.0,2.0,1.0,0.0,0.0,0.0,0.0
2021-03-31,56,76,24,91,12,21,69,41,18,1,3,29,28,13,2,2,3,1,0.0,0.0,0.0,0,0,1.0,1.0,0.0,1.0,0.0,0.0,0.0,0.0
2021-04-01,54,84,22,121,8,22,80,95,15,0,9,29,56,17,11,5,1,0,0.0,0.0,0.0,0,3,0.0,0.0,0.0,1.0,0.0,0.0,0.0,0.0
2021-04-02,48,92,23,111,6,26,62,31,26,1,3,17,40,12,6,2,0,0,0.0,0.0,0.0,0,2,1.0,1.0,0.0,0.0,0.0,0.0,0.0,0.0
2021-04-03,62,119,45,92,10,25,59,29,16,0,5,16,32,9,6,6,0,1,1.0,0.0,0.0,0,1,4.0,0.0,0.0,1.0,0.0,0.0,0.0,0.0
2021-04-04,53,143,41,75,7,21,62,34,16,1,5,20,36,12,5,2,8,0,1.0,0.0,0.0,0,1,1.0,0.0,0.0,1.0,0.0,0.0,0.0,0.0
2021-04-05,52,96,32,87,9,23,65,45,10,3,4,25,48,12,6,4,3,0,0.0,0.0,0.0,0,2,3.0,0.0,0.0,0.0,0.0,0.0,0.0,0.0
2021-04-06,56,108,30,93,10,31,73,46,11,1,3,26,38,10,1,3,4,0,0.0,0.0,0.0,0,0,4.0,0.0,1.0,1.0,0.0,0.0,0.0,0.0
2021-04-07,62,110,25,115,9,26,60,48,13,2,5,33,47,12,6,5,2,2,1.0,0.0,0.0,0,1,2.0,0.0,0.0,1.0,0.0,0.0,0.0,0.0
2021-04-08,45,82,21,91,13,21,52,48,18,0,3,32,39,10,4,2,1,0,2.0,0.0,0.0,0,1,2.0,0.0,1.0,1.0,0.0,0.0,0.0,0.0
2021-04-09,58,103,26,72,12,21,63,50,14,0,3,26,54,19,9,0,1,0,1.0,0.0,0.0,0,0,0.0,0.0,0.0,0.0,0.0,0.0,0.0,0.0
2021-04-10,58,115,30,88,7,25,67,22,14,2,6,21,41,11,6,0,0,1,0.0,0.0,0.0,0,0,1.0,2.0,0.0,1.0,0.0,0.0,0.0,0.0
2021-04-11,53,114,26,73,6,21,71,22,13,1,4,15,33,19,5,2,3,0,0.0,0.0,0.0,0,1,2.0,0.0,0.0,0.0,0.0,0.0,0.0,0.0
2021-04-12,60,101,25,86,12,20,68,58,17,0,2,12,39,19,6,3,1,2,0.0,0.0,0.0,0,0,1.0,0.0,0.0,0.0,0.0,0.0,0.0,0.0
2021-04-13,51,113,26,94,11,16,64,40,24,0,1,13,34,15,5,2,2,3,0.0,0.0,0.0,0,1,3.0,0.0,0.0,0.0,0.0,0.0,0.0,0.0
2021-04-14,44,91,17,83,8,22,58,40,9,1,8,15,47,11,3,3,4,1,0.0,0.0,0.0,1,1,0.0,0.0,0.0,0.0,0.0,0.0,1.0,0.0
2021-04-15,59,93,28,102,9,29,59,51,11,2,3,11,37,12,4,2,1,0,1.0,0.0,0.0,0,1,3.0,0.0,0.0,0.0,0.0,0.0,0.0,0.0
2021-04-16,46,95,27,103,9,20,83,51,20,3,2,10,30,13,8,4,2,0,0.0,0.0,0.0,0,0,0.0,0.0,0.0,2.0,0.0,0.0,0.0,0.0
2021-04-17,45,127,33,83,5,19,84,26,18,2,6,6,37,12,3,2,2,0,2.0,0.0,0.0,0,0,1.0,0.0,1.0,1.0,0.0,0.0,0.0,0.0
2021-04-18,48,112,28,77,9,17,55,22,14,3,3,10,33,9,5,2,4,0,1.0,0.0,0.0,0,0,0.0,2.0,1.0,0.0,0.0,0.0,0.0,0.0
2021-04-19,35,75,23,90,6,23,58,43,15,2,2,8,35,14,3,5,1,1,0.0,0.0,0.0,0,1,2.0,0.0,1.0,0.0,0.0,0.0,0.0,0.0
2021-04-20,43,70,15,96,6,21,46,53,15,4,5,10,34,19,3,1,0,0,0.0,0.0,0.0,0,0,1.0,0.0,0.0,0.0,0.0,0.0,0.0,0.0
2021-04-21,42,75,21,99,9,27,47,42,12,1,2,9,37,20,6,2,3,2,0.0,0.0,0.0,0,3,0.0,0.0,0.0,1.0,0.0,0.0,0.0,0.0
2021-04-22,64,81,21,96,11,28,62,36,20,2,4,13,31,15,7,3,1,0,0.0,0.0,0.0,0,1,1.0,0.0,0.0,1.0,0.0,0.0,0.0,0.0
2021-04-23,42,92,35,97,9,24,75,41,9,1,0,15,44,14,8,1,2,2,1.0,0.0,0.0,0,1,2.0,1.0,0.0,0.0,0.0,0.0,0.0,0.0
2021-04-24,66,132,25,76,11,28,69,24,17,1,7,12,50,10,3,0,0,1,0.0,0.0,0.0,0,3,0.0,0.0,0.0,0.0,0.0,0.0,0.0,0.0
2021-04-25,49,118,25,89,9,28,69,22,13,2,5,13,34,11,5,4,3,1,0.0,0.0,0.0,0,0,3.0,0.0,1.0,1.0,0.0,1.0,0.0,0.0
2021-04-26,60,101,24,82,13,26,81,33,17,4,4,17,41,21,3,1,2,1,1.0,0.0,0.0,0,3,1.0,0.0,0.0,0.0,0.0,0.0,0.0,0.0
2021-04-27,78,132,25,119,6,32,82,41,13,5,2,12,41,8,3,2,3,2,1.0,0.0,0.0,0,2,1.0,0.0,0.0,0.0,0.0,0.0,0.0,0.0
2021-04-28,60,100,17,91,16,26,53,45,20,1,1,21,50,18,6,0,0,0,0.0,0.0,0.0,0,1,1.0,0.0,2.0,0.0,0.0,0.0,0.0,0.0
2021-04-29,40,97,16,103,8,22,42,28,17,0,4,12,28,13,13,4,0,1,1.0,0.0,0.0,0,3,1.0,0.0,0.0,1.0,0.0,0.0,1.0,0.0
2021-04-30,68,106,27,116,7,23,79,51,19,1,5,16,48,19,8,3,1,0,1.0,0.0,0.0,0,1,0.0,2.0,0.0,0.0,0.0,0.0,0.0,0.0
2021-05-01,73,135,30,114,3,32,78,80,22,4,8,6,59,21,20,5,3,3,0.0,0.0,0.0,0,3,1.0,2.0,0.0,0.0,0.0,0.0,0.0,0.0
2021-05-02,66,164,27,88,12,23,94,24,25,4,5,15,39,15,5,5,4,2,0.0,0.0,1.0,0,2,2.0,0.0,0.0,0.0,0.0,0.0,0.0,0.0
2021-05-03,60,113,20,100,5,26,49,52,22,2,4,20,46,15,10,4,1,2,1.0,0.0,0.0,0,0,1.0,0.0,0.0,1.0,0.0,0.0,0.0,0.0
2021-05-04,58,88,18,80,7,18,53,37,13,0,6,27,45,15,6,4,0,0,0.0,0.0,0.0,0,0,1.0,0.0,1.0,2.0,0.0,0.0,0.0,0.0
2021-05-05,64,125,18,111,5,29,64,48,18,0,1,24,50,12,2,3,2,0,2.0,0.0,0.0,0,4,0.0,0.0,1.0,2.0,0.0,0.0,0.0,0.0
2021-05-06,54,89,17,115,11,21,56,38,17,0,4,18,37,14,5,3,0,1,0.0,0.0,0.0,0,0,4.0,1.0,0.0,0.0,0.0,0.0,0.0,0.0
2021-05-07,59,95,20,84,8,27,57,41,21,0,4,19,52,16,6,2,1,0,1.0,0.0,0.0,0,1,2.0,1.0,1.0,0.0,0.0,0.0,0.0,0.0
2021-05-08,50,118,28,97,6,31,71,34,17,7,4,12,40,18,5,0,3,1,0.0,0.0,0.0,0,0,1.0,1.0,1.0,1.0,0.0,0.0,0.0,0.0
2021-05-09,42,138,20,84,7,27,84,21,17,0,6,16,36,18,4,2,2,1,0.0,0.0,1.0,0,1,0.0,0.0,0.0,1.0,0.0,0.0,0.0,0.0
2021-05-10,34,103,20,107,6,25,74,45,11,2,2,24,52,11,5,5,0,0,0.0,0.0,0.0,0,1,3.0,0.0,0.0,0.0,0.0,0.0,0.0,0.0
2021-05-11,53,92,16,109,6,24,70,46,13,2,4,17,51,20,5,1,3,0,0.0,0.0,0.0,0,1,3.0,1.0,0.0,0.0,0.0,0.0,0.0,0.0
2021-05-12,47,93,17,105,11,13,57,44,17,3,6,18,41,14,5,0,1,1,0.0,0.0,0.0,0,1,0.0,0.0,0.0,1.0,0.0,0.0,0.0,0.0
2021-05-13,65,101,20,114,9,26,70,39,12,1,2,17,40,14,4,5,2,0,1.0,0.0,0.0,0,0,3.0,1.0,0.0,0.0,0.0,0.0,0.0,0.0
2021-05-14,66,112,30,120,9,35,81,46,24,1,5,22,34,21,4,3,1,0,0.0,0.0,0.0,0,1,2.0,0.0,1.0,0.0,0.0,0.0,0.0,0.0
2021-05-15,50,133,36,119,10,20,95,29,12,2,3,15,51,19,2,6,6,1,1.0,0.0,0.0,0,2,1.0,3.0,0.0,1.0,0.0,0.0,0.0,0.0
2021-05-16,53,140,32,95,13,22,69,27,19,1,7,21,33,16,6,3,1,2,1.0,0.0,0.0,0,0,3.0,0.0,0.0,0.0,0.0,0.0,0.0,0.0
2021-05-17,69,116,34,104,11,28,73,48,12,2,4,13,40,18,13,7,3,0,0.0,0.0,0.0,0,1,3.0,0.0,0.0,0.0,0.0,0.0,0.0,0.0
2021-05-18,51,113,20,113,8,28,78,40,17,0,5,13,45,17,4,2,3,0,0.0,0.0,0.0,0,0,1.0,1.0,0.0,0.0,0.0,0.0,0.0,0.0
2021-05-19,58,95,28,116,8,20,71,46,21,2,1,18,46,24,11,5,2,2,1.0,10.0,0.0,0,2,0.0,0.0,0.0,1.0,0.0,0.0,0.0,0.0
2021-05-20,69,130,21,109,6,25,70,52,14,0,3,18,32,8,9,2,1,0,0.0,0.0,0.0,0,3,1.0,0.0,1.0,0.0,1.0,0.0,0.0,0.0
2021-05-21,64,137,37,121,11,25,68,40,16,1,5,23,34,18,8,8,5,1,0.0,0.0,0.0,0,1,1.0,0.0,0.0,0.0,0.0,0.0,1.0,0.0
2021-05-22,61,155,37,121,10,28,105,22,11,4,8,33,42,17,5,6,5,0,0.0,0.0,0.0,0,1,1.0,0.0,2.0,0.0,0.0,0.0,0.0,0.0
2021-05-23,74,174,45,100,7,21,91,18,14,1,8,16,50,11,4,1,5,2,1.0,0.0,0.0,1,0,4.0,2.0,0.0,1.0,0.0,0.0,0.0,0.0
2021-05-24,63,130,40,126,12,26,68,58,23,5,3,22,53,15,8,2,3,0,0.0,1.0,0.0,0,0,2.0,0.0,0.0,1.0,0.0,0.0,0.0,0.0
2021-05-25,66,124,31,119,11,22,102,58,18,0,1,16,47,13,3,3,2,1,0.0,0.0,0.0,0,0,1.0,0.0,0.0,1.0,0.0,0.0,0.0,0.0
2021-05-26,64,132,24,110,8,19,82,33,16,2,4,15,33,16,5,1,2,0,1.0,0.0,0.0,1,1,0.0,0.0,0.0,0.0,0.0,0.0,0.0,0.0
2021-05-27,59,76,27,106,9,22,67,44,10,0,4,23,40,7,4,1,1,3,0.0,0.0,0.0,0,3,1.0,1.0,0.0,2.0,0.0,0.0,0.0,0.0
2021-05-28,45,95,16,93,13,23,60,60,15,0,2,13,40,11,8,1,1,1,1.0,0.0,0.0,1,2,2.0,1.0,0.0,0.0,0.0,0.0,0.0,0.0
2021-05-29,57,113,38,113,14,16,77,34,16,1,4,12,47,10,10,3,1,0,0.0,0.0,0.0,0,1,0.0,1.0,0.0,1.0,0.0,1.0,0.0,0.0
2021-05-30,56,130,56,101,8,26,74,35,10,0,2,20,39,17,7,1,1,1,0.0,0.0,0.0,0,4,1.0,1.0,0.0,0.0,0.0,0.0,0.0,0.0
2021-05-31,50,120,43,75,8,19,79,31,12,0,8,16,55,11,4,2,1,1,1.0,0.0,0.0,0,2,4.0,0.0,1.0,0.0,0.0,0.0,0.0,1.0
2021-06-01,72,115,42,109,5,24,77,93,17,1,17,14,65,14,17,4,3,0,0.0,0.0,0.0,1,0,5.0,0.0,0.0,1.0,0.0,0.0,0.0,0.0
2021-06-02,55,115,24,112,9,25,92,53,12,3,4,18,50,13,1,2,3,2,2.0,3.0,0.0,0,1,2.0,0.0,0.0,0.0,0.0,0.0,0.0,0.0
2021-06-03,49,114,21,145,12,29,57,70,19,2,6,17,49,22,2,2,1,1,1.0,3.0,0.0,0,0,2.0,0.0,0.0,2.0,0.0,0.0,0.0,0.0
2021-06-04,55,108,21,131,11,30,56,55,35,2,7,10,41,20,8,2,4,1,0.0,0.0,0.0,0,2,2.0,2.0,0.0,0.0,0.0,0.0,0.0,0.0
2021-06-05,72,140,41,98,13,23,86,26,22,1,7,10,41,11,5,4,5,0,0.0,0.0,0.0,0,0,2.0,3.0,0.0,0.0,0.0,0.0,2.0,0.0
2021-06-06,65,184,45,112,6,33,109,40,20,4,9,16,44,14,5,5,0,1,2.0,0.0,0.0,0,0,1.0,1.0,0.0,1.0,0.0,0.0,0.0,0.0
2021-06-07,70,132,28,118,7,34,78,69,15,5,2,14,39,27,4,2,0,0,0.0,0.0,0.0,0,4,3.0,0.0,1.0,0.0,0.0,0.0,0.0,0.0
2021-06-08,78,139,27,143,14,26,86,50,15,3,5,14,44,12,5,8,1,1,0.0,0.0,0.0,0,3,4.0,0.0,0.0,0.0,0.0,0.0,0.0,0.0
2021-06-09,68,110,32,99,6,28,80,70,20,0,6,12,46,12,7,3,4,0,0.0,0.0,0.0,0,1,2.0,1.0,0.0,1.0,0.0,0.0,0.0,0.0
2021-06-10,67,121,29,107,8,41,80,49,23,1,2,15,46,16,9,4,3,2,0.0,0.0,0.0,0,0,3.0,0.0,1.0,0.0,0.0,0.0,0.0,0.0
2021-06-11,61,155,18,131,9,33,63,62,15,3,6,13,57,20,7,2,5,2,2.0,0.0,0.0,0,0,0.0,0.0,0.0,1.0,0.0,0.0,0.0,0.0
2021-06-12,47,137,34,135,5,18,78,29,22,3,6,8,40,22,5,3,2,1,1.0,0.0,0.0,0,3,0.0,1.0,2.0,0.0,0.0,0.0,0.0,0.0
2021-06-13,56,166,31,120,11,24,81,43,28,1,5,11,59,16,7,7,0,1,1.0,0.0,0.0,0,1,0.0,3.0,0.0,0.0,0.0,0.0,0.0,0.0
2021-06-14,60,132,38,129,6,24,74,72,18,2,1,13,44,25,5,2,4,2,0.0,0.0,0.0,0,0,2.0,0.0,0.0,1.0,0.0,0.0,0.0,0.0
2021-06-15,83,118,27,99,7,20,73,60,16,3,2,24,41,14,9,4,9,1,0.0,0.0,0.0,0,2,3.0,0.0,0.0,0.0,0.0,0.0,0.0,0.0
2021-06-16,66,122,23,99,6,21,80,57,11,1,2,20,55,19,5,2,0,2,0.0,0.0,0.0,2,0,0.0,0.0,0.0,0.0,0.0,0.0,0.0,0.0
2021-06-17,54,96,28,110,11,29,67,44,27,1,2,25,41,14,5,3,2,1,1.0,0.0,0.0,0,1,1.0,0.0,0.0,0.0,0.0,0.0,0.0,0.0
2021-06-18,52,110,34,126,15,27,75,46,19,4,6,23,64,25,3,5,3,1,2.0,0.0,0.0,0,0,1.0,1.0,0.0,0.0,0.0,0.0,0.0,0.0
2021-06-19,59,169,55,122,4,27,91,30,21,7,6,23,62,15,8,7,4,0,2.0,0.0,0.0,1,0,1.0,2.0,0.0,0.0,0.0,0.0,1.0,0.0
2021-06-20,65,189,53,105,9,23,71,37,19,1,8,31,61,14,6,4,5,1,1.0,0.0,0.0,0,0,1.0,1.0,2.0,0.0,0.0,0.0,0.0,0.0
2021-06-21,63,128,24,111,9,28,69,66,14,2,0,12,36,20,8,1,6,0,0.0,0.0,0.0,1,1,1.0,0.0,0.0,1.0,0.0,0.0,0.0,0.0
2021-06-22,73,104,30,108,5,38,81,62,22,0,4,25,54,10,6,2,2,0,1.0,0.0,0.0,1,3,2.0,0.0,1.0,1.0,0.0,0.0,0.0,0.0
2021-06-23,89,119,26,107,13,26,70,43,13,3,4,11,38,14,3,0,1,1,0.0,0.0,0.0,0,2,4.0,0.0,0.0,0.0,0.0,0.0,0.0,0.0
2021-06-24,64,97,19,115,8,27,88,42,18,1,4,19,45,25,5,0,2,0,0.0,0.0,0.0,0,1,3.0,0.0,0.0,0.0,0.0,0.0,0.0,0.0
2021-06-25,49,103,29,83,10,29,70,48,21,2,5,17,42,21,5,5,2,2,0.0,0.0,0.0,0,2,0.0,1.0,1.0,0.0,0.0,0.0,0.0,0.0
2021-06-26,50,117,25,139,10,26,81,18,25,2,5,7,38,11,2,1,4,1,1.0,0.0,0.0,0,0,1.0,1.0,0.0,0.0,0.0,0.0,0.0,0.0
2021-06-27,68,161,37,137,15,36,94,31,19,0,8,13,38,11,8,4,2,0,1.0,3.0,0.0,1,0,1.0,0.0,0.0,1.0,0.0,0.0,0.0,0.0
2021-06-28,71,130,28,131,13,29,71,58,18,2,4,14,40,25,3,2,5,2,0.0,0.0,0.0,0,1,0.0,0.0,0.0,0.0,0.0,0.0,0.0,0.0
2021-06-29,65,100,20,110,6,26,64,40,26,1,3,13,48,11,1,4,1,1,0.0,0.0,0.0,0,1,1.0,0.0,0.0,0.0,0.0,0.0,0.0,0.0
2021-06-30,59,114,19,110,16,30,75,35,30,4,1,10,52,16,5,1,1,1,0.0,0.0,0.0,0,1,1.0,0.0,0.0,0.0,0.0,0.0,0.0,0.0
2021-07-01,65,129,24,142,13,33,87,80,20,0,2,18,51,16,12,6,6,5,1.0,0.0,0.0,0,0,2.0,0.0,0.0,0.0,0.0,0.0,0.0,0.0
2021-07-02,65,91,32,133,10,46,76,37,22,1,6,30,53,25,9,3,5,2,0.0,0.0,0.0,0,0,0.0,0.0,1.0,1.0,0.0,0.0,0.0,0.0
2021-07-03,59,135,51,103,16,28,93,42,29,6,2,16,56,19,2,1,6,0,0.0,0.0,0.0,0,0,2.0,0.0,0.0,0.0,0.0,0.0,0.0,0.0
2021-07-04,65,188,47,107,6,16,113,18,22,6,9,18,44,14,2,2,4,0,0.0,1.0,0.0,0,0,6.0,1.0,0.0,1.0,0.0,0.0,0.0,0.0
2021-07-05,76,187,36,109,5,17,93,25,16,7,6,11,53,5,12,5,6,0,1.0,0.0,0.0,0,1,2.0,0.0,0.0,1.0,0.0,0.0,0.0,0.0
2021-07-06,63,105,23,114,3,20,84,52,23,2,2,9,32,12,9,3,1,2,0.0,0.0,0.0,0,2,1.0,0.0,0.0,0.0,0.0,0.0,0.0,0.0
2021-07-07,76,124,25,111,8,17,69,53,20,1,14,15,38,18,6,1,5,2,0.0,5.0,0.0,0,0,0.0,0.0,0.0,0.0,0.0,0.0,0.0,0.0
2021-07-08,61,89,25,125,7,29,92,40,30,1,2,7,38,20,5,5,2,0,0.0,0.0,0.0,0,1,1.0,1.0,0.0,0.0,0.0,0.0,0.0,0.0
2021-07-09,63,93,27,125,11,28,88,44,23,3,7,11,46,21,6,6,4,1,0.0,0.0,0.0,0,1,2.0,0.0,0.0,0.0,0.0,0.0,0.0,0.0
2021-07-10,48,148,37,124,12,45,58,33,20,2,9,9,40,18,3,1,6,0,1.0,0.0,0.0,0,0,3.0,1.0,0.0,1.0,0.0,0.0,0.0,0.0
2021-07-11,58,132,19,84,15,22,80,29,22,2,4,7,32,11,4,5,5,0,0.0,0.0,0.0,0,2,1.0,0.0,0.0,2.0,0.0,0.0,0.0,0.0
2021-07-12,68,106,17,118,14,17,64,45,26,1,7,11,47,15,6,5,1,0,2.0,0.0,0.0,1,3,3.0,1.0,0.0,0.0,0.0,0.0,1.0,0.0
2021-07-13,56,99,24,137,11,29,86,47,21,2,2,18,40,23,6,3,4,4,1.0,0.0,0.0,0,1,1.0,0.0,1.0,0.0,0.0,0.0,0.0,0.0
2021-07-14,59,102,18,105,7,27,80,53,21,2,4,20,50,14,4,0,2,0,1.0,0.0,0.0,0,2,1.0,0.0,0.0,0.0,0.0,0.0,0.0,0.0
2021-07-15,50,106,21,112,8,18,57,46,32,2,5,12,35,13,3,2,3,0,0.0,0.0,0.0,1,2,1.0,0.0,1.0,1.0,0.0,0.0,0.0,0.0
2021-07-16,68,117,24,129,6,35,88,31,19,2,5,11,43,19,4,2,2,0,1.0,0.0,0.0,0,3,1.0,0.0,0.0,0.0,0.0,0.0,0.0,0.0
2021-07-17,60,132,29,122,8,28,80,42,29,1,3,8,34,33,6,4,4,0,0.0,0.0,0.0,0,1,2.0,1.0,0.0,0.0,0.0,0.0,0.0,0.0
2021-07-18,68,143,35,96,9,29,85,20,20,5,3,9,26,24,4,2,7,2,0.0,2.0,0.0,0,1,2.0,0.0,0.0,0.0,0.0,0.0,0.0,0.0
2021-07-19,46,116,22,117,9,28,76,48,25,2,5,8,30,16,9,4,2,1,1.0,0.0,0.0,0,0,1.0,0.0,0.0,0.0,0.0,0.0,0.0,0.0
2021-07-20,66,92,22,123,9,32,77,44,25,4,4,8,37,19,4,6,2,0,1.0,0.0,0.0,0,3,1.0,0.0,1.0,0.0,0.0,0.0,0.0,0.0
2021-07-21,62,126,18,121,15,19,74,48,14,3,2,13,34,13,3,1,3,0,0.0,0.0,0.0,1,3,1.0,0.0,0.0,0.0,0.0,0.0,0.0,0.0
2021-07-22,61,127,22,138,11,21,67,53,11,6,4,12,40,10,4,5,1,0,2.0,0.0,0.0,0,4,4.0,0.0,1.0,0.0,0.0,0.0,0.0,0.0
2021-07-23,65,122,23,134,7,32,82,39,30,3,4,12,43,23,5,0,4,0,0.0,0.0,0.0,1,1,1.0,1.0,0.0,0.0,0.0,0.0,0.0,0.0
2021-07-24,61,151,20,123,13,29,88,26,17,1,5,5,32,22,6,2,7,2,1.0,0.0,0.0,0,0,1.0,0.0,0.0,0.0,0.0,0.0,0.0,0.0
2021-07-25,78,153,35,112,12,30,88,21,27,1,3,7,43,13,4,4,3,0,0.0,4.0,0.0,1,1,1.0,1.0,0.0,1.0,0.0,0.0,0.0,0.0
2021-07-26,60,127,31,116,13,23,80,64,26,0,4,16,41,20,8,4,3,0,0.0,0.0,1.0,0,3,0.0,0.0,0.0,0.0,0.0,0.0,0.0,0.0
2021-07-27,60,121,24,119,8,31,80,56,26,1,3,16,39,23,2,9,2,0,0.0,0.0,0.0,0,2,1.0,0.0,0.0,0.0,0.0,0.0,0.0,0.0
2021-07-28,58,126,35,110,11,23,79,39,22,0,3,19,28,25,2,6,4,1,0.0,0.0,0.0,0,1,2.0,0.0,0.0,0.0,0.0,0.0,0.0,0.0
2021-07-29,73,126,22,201,10,28,81,65,31,2,2,19,27,13,5,3,2,1,0.0,0.0,0.0,0,2,1.0,1.0,0.0,0.0,0.0,0.0,0.0,0.0
2021-07-30,65,100,19,219,12,20,62,50,19,1,9,5,36,19,4,1,0,1,1.0,0.0,0.0,0,0,3.0,1.0,0.0,0.0,0.0,0.0,0.0,0.0
2021-07-31,73,171,26,233,9,37,82,39,24,0,7,9,32,20,8,3,6,2,2.0,0.0,0.0,1,1,3.0,1.0,0.0,1.0,0.0,0.0,0.0,0.0
2021-08-01,68,150,34,182,8,24,86,74,21,1,10,10,49,23,8,3,3,1,0.0,0.0,0.0,0,3,2.0,0.0,0.0,0.0,0.0,0.0,0.0,0.0
2021-08-02,59,124,27,112,7,31,80,53,19,0,4,9,39,22,3,5,3,1,1.0,0.0,0.0,0,0,5.0,0.0,1.0,0.0,0.0,0.0,0.0,0.0
2021-08-03,63,116,20,100,8,18,89,41,20,4,10,7,31,7,1,3,4,0,0.0,0.0,0.0,0,0,1.0,0.0,0.0,0.0,0.0,0.0,0.0,0.0
2021-08-04,64,100,30,117,15,22,69,49,26,0,4,23,39,22,7,1,2,1,0.0,0.0,0.0,0,2,1.0,0.0,0.0,0.0,0.0,0.0,0.0,0.0
2021-08-05,60,127,23,118,4,27,78,45,13,1,3,14,36,20,3,3,2,0,0.0,0.0,0.0,1,0,2.0,0.0,0.0,1.0,0.0,0.0,0.0,0.0
2021-08-06,62,117,17,111,14,30,63,47,26,0,2,10,41,27,10,4,5,3,1.0,0.0,0.0,0,0,0.0,0.0,0.0,0.0,0.0,0.0,0.0,0.0
2021-08-07,65,139,29,134,5,27,82,25,25,1,4,6,41,15,4,2,3,1,2.0,0.0,0.0,0,1,1.0,0.0,1.0,0.0,0.0,0.0,0.0,0.0
2021-08-08,64,168,24,109,9,21,87,28,39,1,4,11,23,19,3,3,6,0,1.0,0.0,0.0,0,1,1.0,0.0,0.0,0.0,0.0,0.0,0.0,0.0
2021-08-09,50,109,17,118,8,25,80,46,30,0,3,5,37,22,3,5,2,1,0.0,0.0,0.0,0,2,2.0,0.0,1.0,1.0,0.0,0.0,0.0,0.0
2021-08-10,67,102,18,98,5,26,71,40,16,1,7,8,34,29,5,2,2,1,0.0,0.0,0.0,0,1,1.0,0.0,1.0,1.0,0.0,0.0,0.0,0.0
2021-08-11,50,102,18,119,9,25,82,40,15,3,1,13,30,30,5,4,4,0,0.0,0.0,0.0,0,1,0.0,0.0,0.0,0.0,0.0,0.0,0.0,0.0
2021-08-12,58,95,20,118,7,23,63,41,19,1,4,14,34,24,3,5,0,1,1.0,0.0,0.0,0,1,1.0,0.0,0.0,0.0,0.0,0.0,0.0,0.0
2021-08-13,55,109,21,127,14,25,60,52,15,0,1,11,41,15,5,2,2,2,2.0,0.0,0.0,0,1,3.0,2.0,0.0,0.0,0.0,0.0,0.0,0.0
2021-08-14,54,130,47,122,7,41,78,28,19,2,3,7,42,21,2,0,5,0,0.0,0.0,0.0,0,1,0.0,2.0,1.0,0.0,0.0,0.0,0.0,0.0
2021-08-15,56,152,37,100,8,39,68,33,27,3,4,11,30,17,3,2,4,3,0.0,0.0,0.0,0,0,1.0,0.0,0.0,1.0,0.0,0.0,0.0,0.0
2021-08-16,64,114,42,124,9,34,60,52,20,0,9,11,35,15,6,1,6,0,1.0,0.0,0.0,0,0,1.0,0.0,0.0,2.0,0.0,0.0,0.0,0.0
2021-08-17,53,117,29,115,9,30,60,65,16,2,3,16,43,17,3,4,4,1,0.0,0.0,0.0,0,1,2.0,0.0,0.0,0.0,0.0,0.0,0.0,0.0
2021-08-18,54,104,11,113,7,29,77,38,15,1,2,8,26,17,6,4,1,2,0.0,0.0,0.0,0,1,1.0,0.0,0.0,1.0,0.0,0.0,0.0,0.0
2021-08-19,60,111,19,138,11,31,74,37,16,1,2,2,32,17,3,2,3,0,3.0,0.0,0.0,0,0,0.0,0.0,0.0,0.0,0.0,0.0,0.0,0.0
2021-08-20,48,99,22,146,14,34,81,47,18,2,7,5,45,21,6,1,2,0,1.0,0.0,0.0,0,1,2.0,0.0,0.0,1.0,0.0,0.0,0.0,0.0
2021-08-21,68,153,30,146,10,45,88,32,20,0,2,9,38,17,5,5,5,0,1.0,0.0,0.0,0,0,3.0,1.0,1.0,0.0,0.0,0.0,0.0,0.0
2021-08-22,62,145,35,137,6,25,81,27,18,1,8,10,25,16,2,7,2,0,0.0,1.0,0.0,0,0,1.0,0.0,0.0,0.0,0.0,0.0,0.0,0.0
2021-08-23,63,113,31,124,15,32,76,55,21,2,7,15,41,30,2,6,0,1,0.0,0.0,0.0,0,0,1.0,0.0,1.0,0.0,0.0,0.0,0.0,0.0
2021-08-24,51,110,23,121,6,38,83,39,16,1,4,11,32,17,3,1,0,0,0.0,0.0,0.0,0,2,1.0,0.0,1.0,0.0,0.0,0.0,0.0,0.0
2021-08-25,57,92,17,135,12,19,72,60,20,2,2,12,38,13,6,6,3,0,0.0,0.0,0.0,1,0,1.0,1.0,0.0,0.0,0.0,0.0,0.0,0.0
2021-08-26,72,107,25,136,7,20,69,43,21,1,2,10,47,12,4,3,1,1,0.0,0.0,0.0,0,1,2.0,0.0,0.0,0.0,0.0,0.0,0.0,0.0
2021-08-27,80,121,27,149,9,34,78,43,28,0,8,15,40,20,9,2,0,2,0.0,0.0,0.0,0,3,4.0,1.0,0.0,0.0,0.0,0.0,0.0,0.0
2021-08-28,64,142,32,142,7,35,69,21,21,0,12,7,36,13,6,2,1,0,1.0,0.0,0.0,0,3,4.0,1.0,0.0,0.0,0.0,0.0,0.0,0.0
2021-08-29,70,164,32,114,10,38,88,22,28,0,4,4,38,19,7,2,4,0,1.0,0.0,0.0,0,1,2.0,1.0,1.0,0.0,0.0,0.0,0.0,0.0
2021-08-30,68,131,20,121,11,28,75,48,22,1,3,9,41,19,9,4,4,2,0.0,0.0,0.0,0,1,1.0,0.0,0.0,0.0,0.0,0.0,0.0,0.0
2021-08-31,42,142,19,143,12,34,55,39,25,3,3,18,29,24,4,3,0,0,0.0,0.0,0.0,0,1,1.0,0.0,0.0,0.0,0.0,0.0,0.0,0.0
2021-09-01,79,114,19,141,5,37,86,97,23,2,4,11,57,25,11,12,3,0,1.0,9.0,1.0,0,0,0.0,0.0,0.0,0.0,0.0,0.0,0.0,0.0
2021-09-02,71,119,36,98,11,24,62,41,14,1,1,11,32,15,5,3,5,1,1.0,0.0,0.0,0,0,2.0,0.0,0.0,0.0,0.0,0.0,0.0,0.0
2021-09-03,61,115,26,150,9,32,70,54,27,3,6,13,41,19,6,5,0,2,4.0,0.0,0.0,0,1,0.0,1.0,0.0,1.0,0.0,0.0,0.0,0.0
2021-09-04,68,140,28,144,7,35,95,33,29,3,4,7,43,20,1,2,0,1,0.0,0.0,0.0,0,0,3.0,4.0,0.0,0.0,0.0,0.0,0.0,0.0
2021-09-05,58,159,45,136,9,32,96,28,19,2,4,10,38,15,7,3,5,0,0.0,0.0,0.0,0,2,0.0,1.0,0.0,0.0,0.0,0.0,0.0,0.0
2021-09-06,73,146,46,115,10,30,77,31,25,1,2,4,27,20,9,3,2,0,2.0,0.0,0.0,0,2,4.0,0.0,0.0,0.0,0.0,0.0,0.0,0.0
2021-09-07,60,103,25,107,12,26,79,38,19,3,1,9,33,27,10,3,1,1,0.0,7.0,0.0,0,1,2.0,0.0,0.0,0.0,0.0,0.0,0.0,0.0
2021-09-08,73,110,19,123,6,28,66,44,24,2,3,9,34,18,4,2,2,0,0.0,5.0,0.0,0,2,2.0,0.0,0.0,0.0,0.0,0.0,0.0,0.0
2021-09-09,64,131,29,121,15,27,59,48,24,3,6,9,35,27,4,4,1,1,1.0,0.0,0.0,0,0,1.0,1.0,0.0,0.0,0.0,0.0,0.0,0.0
2021-09-10,73,137,23,147,11,38,75,40,18,4,8,13,43,15,5,3,6,2,1.0,0.0,0.0,0,5,1.0,5.0,0.0,0.0,0.0,0.0,0.0,0.0
2021-09-11,72,142,36,122,16,39,80,29,29,1,6,6,31,25,7,3,4,0,4.0,0.0,0.0,0,1,0.0,2.0,0.0,1.0,0.0,0.0,0.0,0.0
2021-09-12,73,157,40,119,11,32,95,24,32,0,4,5,46,20,4,4,3,2,0.0,0.0,0.0,0,1,2.0,0.0,0.0,0.0,0.0,0.0,0.0,0.0
2021-09-13,77,139,26,137,12,35,71,55,35,2,6,11,37,23,9,5,3,0,2.0,0.0,0.0,0,1,1.0,0.0,0.0,0.0,0.0,0.0,0.0,0.0
2021-09-14,86,115,33,113,10,27,83,44,14,2,4,13,58,25,5,4,2,0,0.0,0.0,0.0,0,1,2.0,0.0,2.0,0.0,0.0,0.0,0.0,0.0
2021-09-15,61,123,20,155,17,24,76,64,29,3,3,9,45,25,1,3,4,0,0.0,0.0,0.0,0,0,0.0,0.0,0.0,0.0,0.0,0.0,0.0,0.0
2021-09-16,72,142,17,144,17,31,80,48,22,3,7,5,44,28,6,0,3,2,1.0,0.0,0.0,0,0,2.0,0.0,0.0,0.0,0.0,0.0,0.0,0.0
2021-09-17,71,135,30,128,9,38,75,31,28,0,0,5,32,18,3,4,5,1,0.0,0.0,1.0,1,1,1.0,0.0,0.0,0.0,0.0,0.0,0.0,0.0
2021-09-18,56,153,29,131,10,31,97,31,28,3,2,4,43,21,3,3,6,1,0.0,0.0,0.0,0,0,2.0,2.0,0.0,0.0,0.0,0.0,0.0,0.0
2021-09-19,83,169,27,128,8,47,101,31,37,4,2,9,31,17,2,5,3,2,0.0,0.0,0.0,0,0,3.0,0.0,0.0,0.0,0.0,0.0,1.0,0.0
2021-09-20,70,115,27,127,12,42,77,53,37,3,1,6,41,25,6,4,3,0,1.0,0.0,0.0,1,1,1.0,0.0,1.0,1.0,0.0,0.0,0.0,0.0
2021-09-21,58,106,26,147,14,35,62,48,23,1,3,7,49,28,7,6,2,1,0.0,0.0,0.0,0,1,1.0,0.0,0.0,1.0,0.0,0.0,0.0,0.0
2021-09-22,65,89,15,135,16,37,69,45,36,6,4,17,43,30,5,3,1,3,1.0,0.0,1.0,0,0,2.0,0.0,0.0,0.0,0.0,0.0,0.0,0.0
2021-09-23,68,104,21,159,10,37,68,42,18,2,4,8,38,22,3,2,4,1,1.0,0.0,0.0,0,1,3.0,0.0,1.0,0.0,0.0,0.0,0.0,0.0
2021-09-24,46,118,29,137,9,38,65,37,21,7,6,10,32,24,5,1,4,1,0.0,1.0,0.0,0,0,2.0,1.0,1.0,0.0,0.0,0.0,0.0,0.0
2021-09-25,58,120,35,146,8,38,71,39,25,3,7,14,31,23,5,2,3,2,0.0,0.0,0.0,0,1,1.0,4.0,0.0,0.0,0.0,0.0,0.0,0.0
2021-09-26,61,150,30,107,11,35,77,22,32,4,6,8,38,24,3,2,4,1,0.0,0.0,0.0,0,0,0.0,1.0,1.0,0.0,0.0,0.0,0.0,0.0
2021-09-27,82,113,15,127,11,36,66,53,24,0,5,9,42,22,5,4,8,1,0.0,0.0,0.0,0,1,3.0,1.0,1.0,2.0,0.0,0.0,0.0,0.0
2021-09-28,77,123,24,128,10,36,91,45,31,3,2,17,42,20,3,4,3,1,0.0,0.0,0.0,1,0,3.0,0.0,0.0,1.0,0.0,0.0,0.0,0.0
2021-09-29,74,121,19,144,14,31,70,45,25,4,5,12,38,27,9,3,1,1,1.0,0.0,0.0,0,0,0.0,0.0,0.0,0.0,0.0,0.0,0.0,0.0
2021-09-30,49,121,14,136,18,38,59,50,25,1,5,15,45,19,6,3,1,0,0.0,0.0,0.0,0,2,2.0,2.0,0.0,2.0,0.0,0.0,0.0,0.0
2021-10-01,67,118,37,185,10,38,86,112,36,1,10,9,50,27,10,13,3,0,0.0,0.0,0.0,0,2,2.0,1.0,0.0,2.0,0.0,0.0,0.0,0.0
2021-10-02,57,144,33,154,12,53,73,32,33,1,5,16,37,33,4,1,3,0,1.0,0.0,0.0,0,1,2.0,3.0,0.0,1.0,0.0,0.0,0.0,0.0
2021-10-03,75,151,32,148,16,46,87,27,35,5,5,4,29,13,5,3,3,1,1.0,0.0,0.0,0,2,1.0,2.0,0.0,0.0,0.0,0.0,0.0,0.0
2021-10-04,79,125,31,110,9,42,80,38,17,3,3,16,38,15,4,1,3,2,0.0,0.0,0.0,0,2,0.0,1.0,1.0,1.0,0.0,0.0,0.0,0.0
2021-10-05,73,104,14,152,12,41,76,44,25,2,3,13,37,24,2,3,1,1,0.0,0.0,0.0,0,4,2.0,1.0,0.0,1.0,0.0,0.0,0.0,0.0
2021-10-06,76,126,30,131,12,33,78,57,27,0,7,16,32,23,3,7,0,1,2.0,0.0,0.0,0,1,2.0,0.0,0.0,0.0,0.0,0.0,0.0,0.0
2021-10-07,59,106,18,103,3,44,71,37,21,0,6,17,47,31,4,6,3,0,0.0,0.0,0.0,0,0,1.0,0.0,0.0,2.0,0.0,0.0,0.0,0.0
2021-10-08,79,120,21,137,14,23,75,47,30,2,3,18,31,16,11,4,1,0,2.0,0.0,0.0,0,1,2.0,1.0,0.0,0.0,0.0,0.0,0.0,0.0
2021-10-09,57,138,35,133,13,43,75,31,23,4,7,11,45,27,2,2,1,0,1.0,0.0,0.0,0,0,0.0,0.0,0.0,0.0,0.0,0.0,1.0,0.0
2021-10-10,70,167,25,126,14,33,79,23,20,0,7,5,42,17,3,4,2,0,1.0,0.0,0.0,0,1,1.0,0.0,0.0,0.0,0.0,0.0,0.0,0.0
2021-10-11,42,116,25,124,11,39,61,25,27,1,2,10,40,22,6,6,1,1,1.0,0.0,0.0,0,1,3.0,0.0,0.0,0.0,0.0,0.0,0.0,0.0
2021-10-12,65,123,23,123,13,33,77,39,33,2,0,14,39,29,3,7,1,1,2.0,0.0,0.0,0,2,2.0,0.0,0.0,1.0,0.0,0.0,0.0,0.0
2021-10-13,60,105,16,136,8,32,86,44,20,3,4,12,44,20,6,4,2,0,0.0,0.0,0.0,0,1,1.0,0.0,1.0,0.0,0.0,0.0,0.0,0.0
2021-10-14,71,123,18,127,8,35,58,40,27,0,4,13,42,25,7,1,2,2,0.0,0.0,0.0,0,2,1.0,0.0,1.0,0.0,0.0,0.0,0.0,0.0
2021-10-15,65,108,14,161,16,37,66,39,30,0,6,5,40,30,5,0,1,3,0.0,0.0,0.0,0,0,1.0,2.0,0.0,1.0,0.0,0.0,1.0,0.0
2021-10-16,53,125,23,130,14,31,88,42,23,2,9,5,28,23,5,0,1,0,0.0,0.0,0.0,0,2,1.0,0.0,0.0,0.0,0.0,0.0,0.0,0.0
2021-10-17,66,146,25,129,3,35,73,33,16,1,5,8,40,24,2,4,4,1,0.0,0.0,0.0,0,1,3.0,1.0,0.0,0.0,0.0,0.0,0.0,0.0
2021-10-18,51,114,24,125,12,40,73,50,32,3,7,6,42,27,7,7,5,1,2.0,0.0,0.0,0,3,3.0,1.0,1.0,1.0,0.0,0.0,0.0,0.0
2021-10-19,58,108,14,137,9,28,59,38,27,2,2,12,34,21,4,1,3,2,0.0,0.0,0.0,0,0,0.0,0.0,0.0,0.0,0.0,0.0,0.0,0.0
2021-10-20,63,136,20,134,4,23,61,49,21,4,1,12,40,22,4,1,2,2,1.0,0.0,0.0,0,2,1.0,0.0,0.0,0.0,0.0,0.0,0.0,0.0
2021-10-21,67,109,21,139,15,36,65,50,19,2,2,9,44,30,6,5,3,2,0.0,0.0,0.0,0,2,3.0,0.0,0.0,1.0,0.0,0.0,1.0,0.0
2021-10-22,52,112,20,154,7,34,86,36,27,2,3,11,30,20,4,6,1,0,0.0,0.0,0.0,0,0,2.0,1.0,0.0,0.0,0.0,0.0,0.0,0.0
2021-10-23,47,126,35,147,15,39,83,39,37,0,2,4,30,26,4,1,2,1,1.0,0.0,0.0,0,2,1.0,2.0,0.0,1.0,0.0,0.0,0.0,0.0
2021-10-24,33,107,20,96,11,45,53,22,25,0,5,10,32,21,1,1,1,0,1.0,0.0,0.0,0,1,0.0,0.0,0.0,0.0,0.0,0.0,0.0,0.0
2021-10-25,61,96,16,150,10,35,70,35,20,1,2,9,37,24,4,2,2,0,1.0,0.0,0.0,0,1,2.0,0.0,0.0,0.0,0.0,0.0,0.0,0.0
2021-10-26,55,99,31,169,11,47,68,38,23,1,0,13,42,22,6,2,1,0,2.0,0.0,0.0,0,3,1.0,0.0,0.0,0.0,0.0,0.0,0.0,0.0
2021-10-27,59,102,19,143,8,40,59,40,31,2,5,10,42,26,8,5,2,0,0.0,0.0,0.0,0,2,1.0,0.0,0.0,0.0,0.0,0.0,0.0,0.0
2021-10-28,50,98,24,135,7,36,58,41,34,3,4,8,46,31,7,4,3,1,1.0,0.0,0.0,0,0,1.0,0.0,1.0,0.0,0.0,0.0,0.0,0.0
2021-10-29,56,110,17,129,13,52,66,43,33,3,5,6,37,30,2,3,0,0,0.0,0.0,0.0,0,3,2.0,1.0,0.0,0.0,0.0,0.0,0.0,0.0
2021-10-30,63,123,29,139,10,34,61,27,35,3,5,9,37,23,5,2,3,1,0.0,0.0,0.0,1,1,2.0,3.0,0.0,1.0,0.0,0.0,0.0,0.0
2021-10-31,42,170,29,121,7,36,96,20,30,3,6,14,35,35,3,5,3,0,0.0,0.0,0.0,0,0,0.0,0.0,1.0,0.0,0.0,0.0,0.0,0.0
2021-11-01,51,104,27,142,15,30,80,77,34,1,6,8,62,19,19,6,2,2,1.0,0.0,0.0,1,2,1.0,0.0,1.0,1.0,0.0,0.0,0.0,0.0
2021-11-02,65,109,18,127,15,33,62,44,35,2,2,12,35,26,6,4,2,2,1.0,0.0,0.0,0,0,2.0,0.0,1.0,0.0,0.0,0.0,0.0,0.0
2021-11-03,66,120,20,138,10,36,65,44,27,2,3,10,20,21,4,2,2,1,0.0,0.0,0.0,0,0,0.0,1.0,1.0,0.0,0.0,0.0,0.0,0.0
2021-11-04,71,101,26,97,11,42,62,45,26,1,3,13,35,27,5,3,1,1,1.0,0.0,0.0,0,1,2.0,0.0,0.0,0.0,0.0,0.0,0.0,0.0
2021-11-05,58,94,26,122,10,28,81,32,30,0,2,16,28,26,8,1,3,0,0.0,0.0,0.0,0,1,4.0,3.0,0.0,0.0,0.0,0.0,0.0,0.0
2021-11-06,40,124,23,143,9,32,100,26,38,1,4,9,41,24,4,2,3,0,0.0,0.0,0.0,0,0,3.0,2.0,1.0,0.0,0.0,0.0,0.0,0.0
2021-11-07,49,134,29,113,7,42,104,21,33,0,8,9,44,26,7,1,8,0,0.0,1.0,0.0,0,2,2.0,0.0,0.0,0.0,0.0,0.0,0.0,0.0
2021-11-08,82,111,23,138,14,26,85,44,32,0,4,6,42,28,12,4,2,1,0.0,0.0,0.0,0,2,2.0,0.0,0.0,1.0,0.0,0.0,0.0,0.0
2021-11-09,67,91,22,142,11,33,84,40,22,4,8,7,48,25,6,5,6,1,0.0,0.0,0.0,0,3,0.0,0.0,0.0,1.0,0.0,0.0,0.0,0.0
2021-11-10,60,102,17,158,7,32,85,48,24,1,6,8,41,25,1,6,1,0,0.0,0.0,0.0,0,0,3.0,1.0,0.0,0.0,0.0,0.0,0.0,0.0
2021-11-11,54,89,21,127,13,44,66,32,25,2,5,13,27,34,3,5,1,0,3.0,0.0,0.0,0,1,0.0,1.0,1.0,0.0,0.0,0.0,0.0,0.0
2021-11-12,42,73,19,127,9,45,59,47,23,1,3,17,46,28,2,2,1,1,1.0,0.0,0.0,0,0,0.0,1.0,0.0,0.0,0.0,0.0,0.0,0.0
2021-11-13,58,98,35,134,8,33,74,26,24,1,4,12,40,21,6,2,4,2,0.0,0.0,0.0,1,1,0.0,4.0,0.0,0.0,0.0,0.0,0.0,0.0
2021-11-14,61,97,31,123,9,33,74,14,35,2,6,9,32,17,3,3,1,0,1.0,0.0,0.0,0,2,2.0,3.0,1.0,1.0,0.0,0.0,0.0,0.0
2021-11-15,62,84,20,115,10,46,72,52,34,2,3,12,41,24,6,4,3,0,0.0,0.0,0.0,0,3,2.0,0.0,0.0,0.0,0.0,0.0,0.0,0.0
2021-11-16,69,100,29,148,7,33,65,53,15,1,5,13,19,22,4,9,1,0,0.0,0.0,0.0,0,0,2.0,0.0,0.0,0.0,0.0,0.0,0.0,0.0
2021-11-17,41,81,23,130,12,33,55,51,19,1,7,12,30,19,4,6,2,1,0.0,0.0,0.0,0,1,0.0,1.0,0.0,0.0,0.0,0.0,0.0,0.0
2021-11-18,49,104,23,120,13,39,58,46,23,1,1,15,39,32,6,5,0,1,0.0,0.0,0.0,0,1,2.0,0.0,0.0,0.0,0.0,0.0,0.0,0.0
2021-11-19,51,111,19,138,9,43,63,31,21,1,4,5,37,26,2,3,3,1,1.0,0.0,0.0,0,1,1.0,1.0,1.0,0.0,0.0,0.0,1.0,0.0
2021-11-20,47,119,28,141,9,33,81,41,21,3,2,16,33,24,3,1,2,0,0.0,0.0,1.0,0,1,1.0,1.0,1.0,0.0,0.0,0.0,0.0,0.0
2021-11-21,49,137,22,97,11,53,76,19,37,0,6,2,38,21,4,4,1,4,0.0,0.0,0.0,0,1,1.0,2.0,0.0,0.0,0.0,0.0,0.0,0.0
2021-11-22,54,101,20,114,12,24,55,39,20,0,5,8,34,32,9,5,2,1,0.0,0.0,0.0,0,2,3.0,0.0,0.0,0.0,0.0,0.0,0.0,0.0
2021-11-23,36,90,19,123,11,29,52,39,25,2,5,7,25,31,4,1,2,0,0.0,0.0,0.0,0,1,1.0,0.0,0.0,0.0,0.0,0.0,0.0,0.0
2021-11-24,48,103,19,165,11,34,58,46,19,2,5,15,38,22,1,2,3,1,0.0,0.0,0.0,0,4,1.0,0.0,0.0,0.0,0.0,0.0,0.0,0.0
2021-11-25,44,106,11,59,5,27,66,9,19,0,2,3,29,22,6,0,0,0,0.0,0.0,0.0,0,1,1.0,0.0,0.0,1.0,0.0,0.0,0.0,0.0
2021-11-26,40,96,28,131,5,24,64,51,26,1,1,8,32,19,9,1,1,3,1.0,0.0,0.0,0,0,1.0,1.0,1.0,0.0,0.0,0.0,0.0,0.0
2021-11-27,44,91,32,135,11,48,62,26,27,1,5,5,23,24,5,3,2,0,0.0,0.0,0.0,0,0,2.0,2.0,0.0,0.0,0.0,0.0,0.0,0.0
2021-11-28,64,131,24,94,12,28,77,23,22,3,4,7,42,14,7,3,2,0,1.0,0.0,0.0,0,2,1.0,5.0,0.0,0.0,0.0,0.0,0.0,0.0
2021-11-29,53,101,23,156,7,42,59,47,19,3,2,7,38,29,7,2,1,0,0.0,0.0,0.0,0,1,2.0,0.0,0.0,0.0,0.0,0.0,0.0,0.0
2021-11-30,54,98,21,143,10,40,43,45,26,4,4,15,32,25,2,5,0,1,1.0,0.0,0.0,0,0,1.0,0.0,0.0,0.0,0.0,0.0,0.0,0.0
2021-12-01,69,105,15,149,11,51,61,95,31,3,4,15,49,19,10,5,3,2,0.0,0.0,0.0,1,0,3.0,0.0,0.0,0.0,0.0,0.0,0.0,0.0
2021-12-02,80,105,24,119,11,36,68,38,32,1,11,16,43,23,11,2,3,1,0.0,0.0,0.0,0,2,1.0,1.0,0.0,0.0,0.0,0.0,0.0,0.0
2021-12-03,69,121,29,150,8,54,66,42,32,3,4,7,42,29,4,4,3,3,0.0,0.0,0.0,0,0,4.0,0.0,1.0,0.0,0.0,0.0,0.0,0.0
2021-12-04,46,114,32,128,7,36,66,34,41,5,6,7,32,29,3,3,4,1,0.0,0.0,0.0,0,1,2.0,1.0,0.0,1.0,0.0,0.0,0.0,0.0
2021-12-05,56,117,20,106,14,42,64,17,28,1,4,3,42,21,7,4,2,1,0.0,0.0,0.0,0,0,4.0,1.0,0.0,0.0,0.0,0.0,0.0,0.0
2021-12-06,51,106,15,132,6,33,60,35,40,2,4,10,27,17,7,5,0,1,0.0,0.0,0.0,0,3,0.0,0.0,0.0,1.0,0.0,1.0,0.0,0.0
2021-12-07,46,107,9,120,9,28,62,51,22,1,3,10,22,19,5,5,2,1,0.0,0.0,0.0,0,0,2.0,0.0,0.0,0.0,0.0,0.0,0.0,0.0
2021-12-08,52,97,26,125,13,42,73,40,32,0,1,10,52,26,6,2,1,1,1.0,0.0,0.0,0,2,1.0,0.0,0.0,0.0,0.0,0.0,0.0,0.0
2021-12-09,56,102,21,146,9,38,56,38,29,1,5,9,35,26,5,3,2,0,0.0,0.0,0.0,0,1,3.0,0.0,0.0,0.0,0.0,0.0,0.0,0.0
2021-12-10,52,101,24,139,8,38,71,47,24,2,6,10,30,25,10,2,1,2,0.0,0.0,0.0,0,0,2.0,0.0,2.0,0.0,0.0,0.0,0.0,0.0
2021-12-11,48,78,21,115,9,50,74,26,47,5,7,12,25,18,2,4,3,0,1.0,0.0,0.0,0,1,0.0,3.0,0.0,0.0,0.0,0.0,0.0,0.0
2021-12-12,60,122,25,122,9,40,78,23,29,1,6,8,39,20,1,1,1,1,0.0,7.0,0.0,0,0,0.0,0.0,0.0,0.0,0.0,0.0,0.0,0.0
2021-12-13,52,102,20,137,8,39,77,41,22,5,7,11,32,34,8,3,2,1,0.0,0.0,0.0,0,2,1.0,0.0,0.0,2.0,0.0,0.0,0.0,0.0
2021-12-14,62,95,24,144,7,29,55,42,24,1,6,7,29,23,3,3,5,2,0.0,0.0,0.0,0,1,1.0,0.0,0.0,1.0,0.0,0.0,0.0,0.0
2021-12-15,65,86,16,152,14,36,69,41,44,2,5,9,37,34,4,3,2,2,0.0,0.0,0.0,0,5,2.0,0.0,0.0,0.0,0.0,0.0,0.0,0.0
2021-12-16,48,100,19,135,8,31,70,38,48,3,3,14,29,35,10,3,3,0,0.0,0.0,0.0,1,1,1.0,0.0,0.0,1.0,1.0,0.0,0.0,0.0
2021-12-17,55,110,16,156,8,28,50,28,24,1,7,7,38,20,7,3,2,0,0.0,5.0,0.0,1,2,2.0,1.0,0.0,1.0,0.0,0.0,0.0,0.0
2021-12-18,48,114,25,121,7,42,69,17,26,1,2,16,37,32,2,5,2,1,0.0,4.0,0.0,0,0,3.0,2.0,0.0,1.0,0.0,0.0,0.0,0.0
2021-12-19,41,111,19,94,22,28,57,27,26,0,1,7,42,23,3,0,1,0,0.0,6.0,0.0,0,1,0.0,0.0,0.0,0.0,0.0,0.0,0.0,0.0
2021-12-20,51,95,17,132,7,33,56,38,24,0,1,4,42,27,5,1,2,1,0.0,0.0,0.0,0,1,1.0,0.0,0.0,1.0,0.0,0.0,0.0,0.0
2021-12-21,45,101,26,116,11,26,58,32,21,1,2,6,30,19,6,1,2,1,0.0,0.0,0.0,0,1,3.0,0.0,0.0,0.0,0.0,0.0,0.0,0.0
2021-12-22,31,87,18,133,6,25,41,37,39,0,2,10,29,16,4,3,1,0,0.0,0.0,0.0,0,0,0.0,0.0,0.0,0.0,0.0,0.0,0.0,0.0
2021-12-23,45,92,23,131,9,40,65,39,29,1,1,7,20,20,6,2,1,0,0.0,0.0,0.0,0,1,1.0,1.0,1.0,2.0,0.0,0.0,0.0,0.0
2021-12-24,38,101,13,127,5,27,59,44,16,0,0,0,24,18,5,0,1,0,0.0,0.0,0.0,0,1,0.0,3.0,0.0,1.0,0.0,0.0,0.0,0.0
2021-12-25,45,125,15,66,7,29,67,23,16,1,7,2,27,28,6,0,2,1,0.0,0.0,0.0,0,0,1.0,1.0,0.0,0.0,0.0,0.0,0.0,0.0
2021-12-26,43,109,16,87,9,23,52,35,11,2,0,4,29,18,2,0,1,0,0.0,0.0,0.0,0,0,3.0,0.0,0.0,0.0,0.0,0.0,0.0,0.0
2021-12-27,50,103,9,107,11,39,58,41,30,0,6,11,17,17,7,3,1,0,0.0,0.0,0.0,0,0,1.0,0.0,0.0,1.0,0.0,0.0,0.0,0.0
2021-12-28,51,70,11,105,4,28,75,37,17,2,4,7,22,16,6,1,0,0,0.0,0.0,0.0,0,0,1.0,0.0,0.0,1.0,0.0,0.0,0.0,0.0
2021-12-29,44,79,13,109,7,38,59,36,37,0,4,7,36,20,6,2,0,0,0.0,0.0,0.0,0,0,2.0,0.0,0.0,0.0,0.0,0.0,0.0,0.0
2021-12-30,43,101,13,134,6,33,85,40,29,1,2,3,24,24,4,5,0,2,0.0,0.0,0.0,0,1,0.0,0.0,2.0,0.0,0.0,0.0,0.0,0.0
2021-12-31,53,113,46,90,8,34,98,44,31,0,1,8,44,22,1,3,1,2,1.0,0.0,0.0,0,1,2.0,2.0,1.0,0.0,0.0,0.0,0.0,0.0
2022-01-01,45,140,28,126,7,32,120,82,26,1,17,3,60,17,23,10,3,0,1.0,0.0,0.0,1,4,3.0,1.0,0.0,0.0,0.0,0.0,0.0,0.0
2022-01-02,34,73,11,85,7,37,54,31,20,0,7,3,23,10,2,0,3,1,0.0,0.0,0.0,0,0,2.0,0.0,2.0,0.0,0.0,0.0,0.0,0.0
2022-01-03,44,63,12,103,6,29,47,39,21,0,1,7,26,14,5,1,1,2,0.0,0.0,0.0,0,1,0.0,0.0,1.0,0.0,0.0,0.0,0.0,0.0
2022-01-04,45,73,10,119,7,37,45,40,21,1,5,9,29,18,4,3,4,1,1.0,0.0,0.0,0,0,0.0,0.0,1.0,1.0,0.0,0.0,0.0,0.0
2022-01-05,25,76,9,102,8,39,32,37,21,1,4,6,32,15,2,6,0,1,1.0,0.0,0.0,0,1,0.0,0.0,0.0,1.0,0.0,0.0,0.0,0.0
2022-01-06,40,72,16,100,5,37,53,62,26,0,1,4,31,21,3,4,1,0,1.0,0.0,0.0,0,0,0.0,0.0,0.0,0.0,0.0,0.0,0.0,0.0
2022-01-07,44,75,25,99,7,37,60,44,22,1,3,9,40,8,2,2,0,1,1.0,0.0,0.0,0,0,0.0,2.0,1.0,1.0,0.0,0.0,0.0,0.0
2022-01-08,27,75,19,96,8,38,48,27,21,0,1,8,28,20,1,2,0,0,0.0,0.0,0.0,0,0,0.0,0.0,0.0,0.0,0.0,0.0,0.0,0.0
2022-01-09,44,86,7,86,6,30,38,28,30,2,4,5,30,16,3,3,0,0,1.0,0.0,0.0,0,1,0.0,0.0,0.0,0.0,0.0,0.0,0.0,0.0
2022-01-10,40,90,6,108,9,33,48,47,24,0,1,5,37,10,2,2,2,0,0.0,0.0,0.0,0,1,1.0,0.0,0.0,0.0,0.0,0.0,0.0,0.0
2022-01-11,45,67,19,108,5,39,47,26,17,2,5,7,39,27,3,2,1,0,0.0,0.0,0.0,0,2,0.0,0.0,1.0,0.0,0.0,0.0,0.0,0.0
2022-01-12,37,79,20,132,16,33,64,46,25,3,1,7,23,26,5,2,3,0,0.0,0.0,1.0,0,1,2.0,0.0,0.0,0.0,0.0,0.0,0.0,0.0
2022-01-13,60,96,20,129,10,42,46,50,25,2,5,13,30,22,5,2,0,0,0.0,0.0,0.0,0,1,2.0,0.0,1.0,0.0,0.0,0.0,0.0,0.0
2022-01-14,57,99,27,140,11,41,74,43,23,0,3,5,43,32,5,3,0,0,1.0,0.0,0.0,0,1,0.0,0.0,0.0,1.0,0.0,0.0,0.0,0.0
2022-01-15,34,114,21,121,5,46,64,34,22,0,6,8,25,18,4,5,5,1,0.0,0.0,0.0,0,2,1.0,0.0,0.0,0.0,0.0,0.0,0.0,0.0
2022-01-16,28,119,25,101,7,26,55,29,26,1,4,9,40,17,3,5,3,0,1.0,15.0,0.0,0,1,3.0,0.0,0.0,1.0,0.0,0.0,0.0,0.0
2022-01-17,54,85,9,106,9,43,45,34,32,1,4,8,31,22,1,5,1,1,0.0,0.0,0.0,0,0,0.0,0.0,0.0,0.0,0.0,0.0,0.0,0.0
2022-01-18,56,106,27,137,12,49,56,59,21,1,1,12,47,19,5,2,2,2,0.0,0.0,0.0,0,0,1.0,0.0,0.0,1.0,0.0,0.0,0.0,0.0
2022-01-19,55,91,17,121,10,36,48,55,11,0,2,7,42,20,7,2,0,1,1.0,1.0,0.0,0,0,2.0,0.0,0.0,2.0,0.0,0.0,0.0,0.0
2022-01-20,40,79,20,117,7,31,57,45,18,1,2,9,32,18,6,1,6,1,0.0,0.0,0.0,0,2,0.0,0.0,0.0,2.0,0.0,0.0,0.0,0.0
2022-01-21,42,101,24,140,12,36,66,42,17,0,2,11,41,20,3,3,0,0,0.0,0.0,1.0,0,0,1.0,0.0,0.0,1.0,0.0,0.0,0.0,0.0
2022-01-22,33,114,16,111,3,51,58,34,32,0,6,12,31,19,4,1,4,0,1.0,0.0,0.0,0,2,1.0,0.0,0.0,0.0,0.0,0.0,0.0,0.0
2022-01-23,44,115,14,74,8,29,49,18,14,1,3,15,25,20,2,3,2,0,1.0,0.0,0.0,0,1,0.0,0.0,0.0,0.0,0.0,0.0,0.0,0.0
2022-01-24,38,84,21,95,8,21,40,47,22,1,2,12,32,19,5,0,2,0,0.0,0.0,0.0,0,1,1.0,0.0,0.0,1.0,0.0,0.0,0.0,0.0
2022-01-25,46,79,9,92,9,45,51,52,33,0,2,10,38,18,5,3,1,0,0.0,0.0,0.0,1,1,0.0,0.0,0.0,0.0,0.0,0.0,0.0,0.0
2022-01-26,44,100,13,106,12,38,38,37,25,1,1,14,36,16,5,1,3,1,0.0,0.0,0.0,0,0,0.0,0.0,0.0,0.0,0.0,0.0,0.0,0.0
2022-01-27,61,97,26,132,7,47,43,52,20,1,1,17,28,23,8,2,3,3,1.0,0.0,0.0,0,3,2.0,0.0,0.0,0.0,0.0,0.0,0.0,0.0
2022-01-28,42,77,18,111,14,28,47,34,8,0,1,9,35,19,5,4,0,1,0.0,0.0,0.0,0,0,3.0,2.0,0.0,0.0,0.0,0.0,0.0,0.0
2022-01-29,41,106,22,96,9,31,59,21,19,0,5,10,43,15,6,1,2,2,0.0,0.0,0.0,0,1,0.0,0.0,0.0,1.0,0.0,0.0,0.0,0.0
2022-01-30,39,113,19,88,11,22,78,18,21,0,4,8,35,24,3,5,2,0,0.0,6.0,0.0,0,1,1.0,0.0,0.0,1.0,0.0,0.0,0.0,0.0
2022-01-31,38,102,14,107,8,25,57,55,23,3,3,9,35,16,8,3,1,1,0.0,0.0,0.0,0,1,0.0,0.0,0.0,0.0,0.0,0.0,0.0,0.0
2022-02-01,47,118,25,131,11,24,61,81,29,2,7,15,61,20,8,2,6,2,0.0,0.0,0.0,0,1,1.0,0.0,0.0,0.0,0.0,0.0,0.0,0.0
2022-02-02,41,74,10,78,9,22,37,36,16,0,4,11,41,11,1,3,1,0,0.0,0.0,1.0,0,0,0.0,0.0,0.0,0.0,0.0,0.0,0.0,0.0
2022-02-03,57,82,20,95,8,25,46,41,23,2,3,21,29,23,4,1,2,0,0.0,5.0,0.0,0,0,0.0,1.0,0.0,0.0,0.0,0.0,0.0,0.0
2022-02-04,45,92,17,128,11,34,47,38,30,3,5,21,44,14,9,2,1,1,0.0,0.0,0.0,0,0,2.0,1.0,0.0,0.0,0.0,0.0,0.0,0.0
2022-02-05,41,102,17,116,5,36,61,29,23,1,4,13,32,13,5,0,2,2,0.0,0.0,0.0,0,0,1.0,0.0,0.0,0.0,0.0,0.0,0.0,0.0
2022-02-06,40,101,25,100,11,34,55,28,20,1,3,16,36,10,6,2,2,1,0.0,7.0,0.0,0,1,1.0,0.0,0.0,0.0,0.0,0.0,0.0,0.0
2022-02-07,40,103,17,113,8,44,50,46,13,1,7,18,52,16,4,6,0,1,0.0,0.0,0.0,0,4,2.0,0.0,0.0,0.0,0.0,0.0,0.0,0.0
2022-02-08,69,102,23,143,14,32,57,28,24,2,1,15,48,15,6,1,4,1,2.0,0.0,0.0,0,2,2.0,1.0,1.0,0.0,0.0,0.0,0.0,0.0
2022-02-09,50,105,20,131,5,32,49,33,22,1,4,24,39,14,8,3,2,4,0.0,11.0,0.0,0,0,0.0,0.0,0.0,0.0,0.0,0.0,0.0,1.0
2022-02-10,56,86,17,149,12,48,52,44,19,3,3,23,36,24,7,2,2,4,0.0,0.0,0.0,0,1,0.0,0.0,0.0,0.0,0.0,0.0,0.0,0.0
2022-02-11,53,86,25,125,15,29,62,40,27,3,3,20,48,26,9,3,1,2,1.0,0.0,0.0,0,1,1.0,0.0,1.0,1.0,0.0,0.0,0.0,0.0
2022-02-12,62,102,28,130,9,37,60,27,28,3,6,18,33,21,10,0,2,2,1.0,0.0,0.0,0,1,0.0,0.0,0.0,0.0,0.0,0.0,0.0,0.0
2022-02-13,51,96,11,106,7,29,57,22,19,2,4,7,31,16,2,4,1,0,1.0,9.0,0.0,0,1,2.0,0.0,0.0,0.0,0.0,0.0,0.0,0.0
2022-02-14,46,124,21,119,11,34,50,41,33,2,6,13,43,15,5,0,0,0,0.0,0.0,0.0,0,2,0.0,0.0,1.0,0.0,0.0,0.0,0.0,0.0
2022-02-15,50,115,27,125,11,46,51,34,17,2,7,24,44,21,7,2,1,1,0.0,0.0,0.0,0,1,2.0,0.0,0.0,1.0,0.0,0.0,0.0,0.0
2022-02-16,63,106,14,120,13,44,59,44,25,1,6,18,42,27,5,1,0,0,1.0,0.0,3.0,0,2,1.0,0.0,0.0,1.0,0.0,0.0,0.0,0.0
2022-02-17,57,93,13,115,6,29,65,39,10,2,2,17,27,25,3,3,1,1,0.0,0.0,0.0,0,0,1.0,0.0,0.0,1.0,0.0,0.0,0.0,0.0
2022-02-18,46,92,20,92,11,38,54,39,20,0,1,19,44,19,11,1,3,2,2.0,0.0,0.0,0,2,0.0,0.0,0.0,0.0,0.0,0.0,0.0,0.0
2022-02-19,50,114,27,113,13,34,70,37,17,1,4,18,28,22,1,5,1,1,1.0,0.0,0.0,0,1,1.0,1.0,0.0,1.0,0.0,0.0,0.0,0.0
2022-02-20,43,98,23,103,7,31,48,22,28,2,3,14,43,12,4,1,3,2,1.0,1.0,0.0,0,1,3.0,0.0,0.0,0.0,0.0,0.0,0.0,0.0
2022-02-21,37,91,21,132,14,30,66,35,25,2,4,16,36,21,5,4,0,0,1.0,0.0,0.0,0,2,0.0,0.0,0.0,0.0,0.0,0.0,0.0,0.0
2022-02-22,40,90,16,136,11,45,56,49,20,3,6,16,42,18,6,3,2,2,0.0,0.0,0.0,0,0,1.0,0.0,0.0,0.0,0.0,0.0,0.0,0.0
2022-02-23,63,81,11,125,16,39,65,40,31,3,1,22,34,16,4,6,1,1,0.0,0.0,1.0,0,0,2.0,0.0,1.0,0.0,0.0,0.0,0.0,0.0
2022-02-24,40,93,18,107,10,27,52,49,19,4,6,17,42,20,8,3,1,1,1.0,1.0,0.0,0,0,0.0,0.0,0.0,0.0,0.0,0.0,0.0,0.0
2022-02-25,49,102,24,145,14,34,47,38,16,0,6,13,47,20,6,4,2,1,0.0,0.0,0.0,0,1,0.0,0.0,0.0,1.0,0.0,0.0,0.0,0.0
2022-02-26,46,95,34,125,6,33,40,23,30,0,5,15,41,21,6,2,0,2,1.0,0.0,0.0,0,1,1.0,0.0,0.0,0.0,0.0,0.0,0.0,0.0
2022-02-27,52,121,29,108,13,28,77,16,16,0,6,10,29,12,7,3,1,3,1.0,7.0,0.0,0,0,0.0,0.0,1.0,0.0,0.0,0.0,0.0,0.0
2022-02-28,58,91,25,115,11,45,60,52,15,1,9,17,36,17,4,2,3,3,0.0,0.0,0.0,0,1,1.0,0.0,0.0,0.0,0.0,0.0,0.0,0.0
2022-03-01,50,92,24,154,14,40,64,82,21,3,15,26,49,12,9,8,0,0,0.0,0.0,0.0,1,6,1.0,0.0,0.0,1.0,0.0,0.0,0.0,0.0
2022-03-02,54,112,23,133,10,27,54,49,15,0,4,18,52,15,7,2,1,2,2.0,0.0,0.0,0,0,2.0,3.0,0.0,1.0,0.0,0.0,0.0,0.0
2022-03-03,47,114,17,150,10,42,58,58,17,2,1,18,41,21,3,2,0,1,0.0,0.0,0.0,1,0,1.0,2.0,1.0,0.0,0.0,0.0,0.0,0.0
2022-03-04,43,90,33,162,10,32,82,59,23,2,3,25,46,22,6,2,2,1,0.0,0.0,0.0,0,2,0.0,1.0,0.0,1.0,0.0,0.0,0.0,0.0
2022-03-05,44,118,40,145,14,42,79,28,24,2,5,9,39,20,1,3,0,2,2.0,0.0,0.0,0,0,2.0,0.0,0.0,1.0,0.0,0.0,0.0,0.0
2022-03-06,44,135,25,102,12,23,72,25,18,2,2,16,30,13,7,5,2,0,0.0,0.0,0.0,0,0,0.0,0.0,0.0,0.0,0.0,0.0,0.0,0.0
2022-03-07,44,91,13,118,15,25,62,42,23,6,3,15,44,24,5,3,2,0,1.0,0.0,0.0,0,1,0.0,0.0,0.0,0.0,0.0,0.0,0.0,0.0
2022-03-08,61,93,21,142,14,38,52,45,17,2,1,25,38,18,7,3,3,4,0.0,0.0,0.0,0,1,1.0,1.0,0.0,0.0,0.0,0.0,0.0,0.0
2022-03-09,45,79,23,113,12,38,58,40,17,0,2,21,51,15,3,6,2,0,0.0,0.0,0.0,0,0,0.0,0.0,0.0,0.0,0.0,0.0,0.0,0.0
2022-03-10,43,119,12,134,15,34,52,54,12,1,5,21,49,20,2,3,1,0,0.0,0.0,0.0,0,2,1.0,0.0,1.0,2.0,0.0,0.0,0.0,0.0
2022-03-11,53,88,20,125,9,31,48,53,18,2,2,16,50,25,4,5,0,2,3.0,0.0,0.0,0,1,0.0,2.0,0.0,1.0,0.0,0.0,0.0,0.0
2022-03-12,46,116,22,152,11,41,57,57,24,3,6,17,47,15,8,5,0,1,0.0,0.0,0.0,0,1,0.0,3.0,1.0,0.0,0.0,0.0,0.0,0.0
2022-03-13,41,131,20,112,5,46,56,34,26,1,2,19,45,16,4,5,2,1,0.0,0.0,0.0,0,1,1.0,2.0,0.0,0.0,0.0,0.0,0.0,0.0
2022-03-14,65,101,28,133,9,31,54,57,25,0,3,17,39,25,3,3,0,1,0.0,0.0,0.0,0,2,0.0,0.0,0.0,1.0,0.0,0.0,0.0,0.0
2022-03-15,60,94,18,149,16,28,54,44,17,1,4,14,45,19,7,5,1,0,2.0,0.0,1.0,1,2,0.0,0.0,1.0,0.0,0.0,0.0,0.0,0.0
2022-03-16,61,118,31,147,18,23,72,47,20,1,3,9,33,20,9,3,1,2,0.0,0.0,0.0,0,2,1.0,1.0,0.0,0.0,0.0,0.0,0.0,0.0
2022-03-17,60,109,13,154,13,24,68,46,11,2,4,18,51,17,3,7,2,1,1.0,0.0,0.0,0,0,0.0,0.0,0.0,0.0,0.0,0.0,0.0,0.0
2022-03-18,46,103,13,135,13,46,63,50,13,2,3,13,40,22,6,4,3,1,1.0,0.0,0.0,0,0,0.0,3.0,2.0,0.0,0.0,0.0,0.0,0.0
2022-03-19,50,113,20,146,6,37,85,32,15,0,4,13,36,19,3,0,1,0,0.0,0.0,0.0,1,0,2.0,0.0,0.0,1.0,0.0,0.0,1.0,0.0
2022-03-20,67,148,39,132,11,34,84,28,23,1,6,14,32,17,6,9,1,1,2.0,0.0,0.0,0,1,1.0,0.0,0.0,2.0,0.0,0.0,0.0,0.0
2022-03-21,58,133,23,128,11,31,68,41,16,2,5,15,55,18,8,3,3,0,1.0,0.0,0.0,0,2,2.0,0.0,0.0,2.0,0.0,0.0,0.0,0.0
2022-03-22,69,110,27,140,18,43,48,39,24,3,5,20,52,22,7,5,1,1,0.0,0.0,0.0,0,2,2.0,0.0,0.0,0.0,0.0,0.0,0.0,0.0
2022-03-23,67,89,18,137,15,40,55,44,13,2,5,15,49,16,3,4,1,1,0.0,0.0,0.0,0,1,1.0,2.0,0.0,1.0,0.0,0.0,0.0,0.0
2022-03-24,54,117,17,151,7,37,67,44,18,0,1,11,46,23,6,2,1,0,0.0,0.0,0.0,1,0,1.0,0.0,0.0,0.0,0.0,0.0,0.0,0.0
2022-03-25,61,100,26,151,14,39,66,40,15,4,2,22,47,13,6,3,3,0,1.0,0.0,0.0,1,1,0.0,1.0,0.0,1.0,0.0,0.0,0.0,0.0
2022-03-26,48,129,25,111,8,33,85,29,17,2,6,12,54,15,2,5,0,0,0.0,0.0,0.0,0,1,1.0,0.0,0.0,0.0,0.0,0.0,0.0,0.0
2022-03-27,45,123,36,91,10,27,61,23,17,1,4,10,39,25,1,3,2,1,0.0,0.0,0.0,0,1,2.0,0.0,0.0,0.0,0.0,0.0,0.0,0.0
2022-03-28,38,84,25,147,12,38,75,51,26,5,6,11,46,20,5,5,0,0,2.0,0.0,0.0,0,1,0.0,0.0,1.0,1.0,0.0,0.0,0.0,0.0
2022-03-29,63,92,19,125,11,29,48,50,24,3,0,14,44,20,6,2,0,1,0.0,0.0,0.0,0,3,0.0,0.0,0.0,1.0,0.0,0.0,0.0,0.0
2022-03-30,51,98,17,129,10,33,81,55,19,0,4,16,42,15,4,1,1,0,0.0,0.0,1.0,0,0,0.0,0.0,0.0,0.0,0.0,0.0,0.0,0.0
2022-03-31,48,116,13,118,10,39,60,46,22,0,3,18,49,16,9,4,3,1,0.0,1.0,0.0,1,0,1.0,0.0,0.0,1.0,0.0,0.0,0.0,0.0
2022-04-01,45,126,30,153,12,47,87,106,13,1,7,14,73,32,11,7,4,0,1.0,0.0,0.0,0,3,0.0,2.0,1.0,0.0,0.0,0.0,0.0,0.0
2022-04-02,54,105,22,131,15,39,69,37,22,0,2,12,42,13,0,7,0,2,0.0,4.0,0.0,0,1,0.0,2.0,0.0,1.0,0.0,0.0,0.0,0.0
2022-04-03,54,128,36,112,10,25,80,24,20,3,3,11,51,16,6,4,0,0,0.0,0.0,0.0,1,0,0.0,2.0,0.0,0.0,0.0,0.0,0.0,0.0
2022-04-04,60,121,14,130,15,31,67,47,15,3,6,14,44,15,7,5,0,1,2.0,0.0,0.0,0,2,1.0,0.0,0.0,0.0,0.0,0.0,0.0,0.0
2022-04-05,45,116,21,113,13,26,60,53,24,1,1,18,49,16,7,2,6,2,3.0,0.0,0.0,0,1,3.0,0.0,2.0,0.0,0.0,0.0,0.0,0.0
2022-04-06,41,114,21,127,13,19,77,44,18,1,4,25,52,24,12,1,4,0,1.0,6.0,0.0,2,0,2.0,0.0,1.0,0.0,0.0,0.0,0.0,0.0
2022-04-07,58,106,22,133,11,29,60,47,19,2,4,18,50,19,2,3,2,1,0.0,0.0,0.0,0,3,1.0,1.0,0.0,0.0,0.0,0.0,0.0,0.0
2022-04-08,40,94,20,125,10,37,53,51,24,3,4,22,46,26,4,2,3,0,0.0,0.0,0.0,0,1,4.0,2.0,0.0,0.0,0.0,0.0,0.0,0.0
2022-04-09,55,122,27,120,14,34,77,29,18,0,4,18,32,14,3,1,1,0,0.0,0.0,0.0,0,2,1.0,1.0,0.0,0.0,0.0,0.0,0.0,0.0
2022-04-10,39,162,36,132,10,25,72,28,21,0,6,20,40,17,3,7,3,1,0.0,0.0,0.0,0,0,0.0,0.0,0.0,2.0,0.0,0.0,0.0,0.0
2022-04-11,48,112,24,107,9,28,81,46,10,2,2,31,42,19,5,5,2,1,0.0,0.0,0.0,0,1,1.0,0.0,0.0,0.0,0.0,0.0,0.0,0.0
2022-04-12,56,107,33,115,16,34,66,41,24,2,8,17,37,20,6,5,0,1,1.0,3.0,0.0,0,0,2.0,0.0,0.0,2.0,0.0,2.0,0.0,0.0
2022-04-13,38,100,17,126,15,46,54,47,16,1,7,8,51,14,6,1,4,0,2.0,0.0,0.0,0,0,1.0,0.0,0.0,0.0,0.0,0.0,0.0,0.0
2022-04-14,49,87,25,144,11,25,55,48,24,5,2,14,41,23,6,1,2,2,1.0,0.0,0.0,0,1,1.0,0.0,0.0,0.0,0.0,0.0,0.0,0.0
2022-04-15,56,102,22,139,9,41,78,49,40,2,1,15,45,22,8,2,0,2,0.0,0.0,0.0,0,2,0.0,1.0,0.0,2.0,0.0,0.0,0.0,0.0
2022-04-16,46,113,32,130,13,32,73,46,20,2,5,12,40,18,4,1,0,0,0.0,0.0,0.0,0,1,3.0,0.0,1.0,1.0,0.0,0.0,0.0,0.0
2022-04-17,43,119,33,94,12,30,75,23,16,5,2,12,38,15,5,2,1,0,0.0,0.0,0.0,0,1,2.0,0.0,0.0,0.0,0.0,0.0,0.0,0.0
2022-04-18,50,81,27,124,13,43,58,52,21,3,1,14,55,18,11,3,4,1,0.0,0.0,0.0,0,2,1.0,0.0,0.0,0.0,0.0,0.0,0.0,0.0
2022-04-19,47,85,30,120,7,24,66,44,20,5,7,14,40,18,3,4,1,2,0.0,8.0,0.0,0,0,0.0,0.0,0.0,1.0,0.0,0.0,0.0,0.0
2022-04-20,56,106,13,137,13,40,63,50,20,4,3,20,60,18,4,5,0,0,0.0,0.0,0.0,1,1,0.0,0.0,0.0,0.0,0.0,0.0,0.0,0.0
2022-04-21,50,82,30,148,10,47,73,51,22,5,2,19,48,15,4,1,0,2,0.0,0.0,0.0,0,3,0.0,0.0,0.0,0.0,0.0,0.0,0.0,0.0
2022-04-22,57,105,19,145,16,32,71,53,20,1,4,15,42,18,2,2,0,1,0.0,0.0,0.0,0,0,0.0,0.0,0.0,0.0,0.0,0.0,0.0,0.0
2022-04-23,71,155,37,159,9,24,78,30,32,5,10,13,44,23,7,3,3,1,0.0,0.0,0.0,0,0,0.0,1.0,0.0,0.0,0.0,0.0,0.0,0.0
2022-04-24,62,154,33,141,6,36,66,26,19,0,4,8,28,17,4,3,4,1,0.0,3.0,0.0,0,0,4.0,1.0,0.0,0.0,0.0,0.0,0.0,0.0
2022-04-25,63,97,20,122,16,34,61,40,18,6,5,13,34,21,5,6,2,2,1.0,0.0,0.0,0,1,2.0,0.0,0.0,0.0,0.0,0.0,0.0,0.0
2022-04-26,58,124,16,165,8,25,65,40,16,1,2,13,48,15,5,2,0,1,1.0,6.0,0.0,0,4,2.0,0.0,0.0,0.0,0.0,0.0,0.0,0.0
2022-04-27,55,103,24,141,11,42,61,51,17,1,2,17,45,14,3,0,1,0,0.0,1.0,0.0,0,3,0.0,0.0,0.0,1.0,0.0,0.0,0.0,0.0
2022-04-28,56,93,17,128,13,24,66,44,14,0,4,17,46,21,2,5,1,0,1.0,4.0,0.0,0,1,1.0,0.0,0.0,0.0,0.0,0.0,0.0,0.0
2022-04-29,58,126,21,124,11,40,56,43,19,2,5,20,55,16,9,5,2,2,0.0,0.0,0.0,0,0,0.0,2.0,0.0,1.0,0.0,0.0,0.0,0.0
2022-04-30,49,124,26,143,14,42,64,38,19,2,6,13,35,23,2,5,4,1,0.0,0.0,0.0,0,0,2.0,0.0,0.0,0.0,0.0,0.0,0.0,0.0
2022-05-01,48,140,23,152,14,39,75,73,17,2,18,6,57,17,7,3,2,2,0.0,0.0,1.0,0,2,2.0,0.0,0.0,0.0,0.0,0.0,0.0,0.0
2022-05-02,55,99,24,119,21,29,57,57,14,4,0,12,52,17,8,5,1,3,1.0,0.0,0.0,0,1,1.0,1.0,0.0,0.0,0.0,0.0,0.0,0.0
2022-05-03,52,88,19,127,12,20,56,53,21,1,2,14,47,20,2,4,4,1,1.0,0.0,0.0,0,0,5.0,1.0,0.0,1.0,0.0,0.0,0.0,0.0
2022-05-04,55,86,30,144,11,34,73,45,27,5,4,20,40,18,8,3,2,1,1.0,3.0,0.0,0,2,1.0,0.0,0.0,0.0,0.0,0.0,1.0,0.0
2022-05-05,68,108,25,128,16,47,60,52,26,4,5,13,46,22,3,3,3,1,1.0,0.0,0.0,0,3,1.0,0.0,0.0,0.0,0.0,0.0,0.0,0.0
2022-05-06,56,110,8,149,12,37,69,47,19,2,5,14,42,23,6,7,1,1,1.0,0.0,0.0,0,0,0.0,0.0,1.0,0.0,0.0,0.0,0.0,0.0
2022-05-07,53,111,28,138,13,29,69,32,22,1,2,8,29,16,6,2,2,1,0.0,0.0,0.0,0,1,3.0,2.0,0.0,0.0,0.0,0.0,0.0,0.0
2022-05-08,49,128,32,130,15,38,79,20,22,1,3,8,39,18,7,4,3,0,0.0,0.0,0.0,0,0,2.0,0.0,0.0,1.0,0.0,0.0,0.0,0.0
2022-05-09,50,136,35,159,11,32,76,49,17,3,5,12,34,17,5,2,2,0,0.0,0.0,0.0,0,3,2.0,0.0,2.0,2.0,0.0,0.0,0.0,0.0
2022-05-10,51,123,29,142,18,34,70,47,25,1,2,12,51,16,6,3,2,2,0.0,0.0,0.0,0,4,1.0,0.0,0.0,0.0,0.0,0.0,0.0,0.0
2022-05-11,74,151,32,159,9,26,63,48,17,3,8,13,48,20,8,1,1,0,0.0,6.0,0.0,0,0,1.0,0.0,0.0,1.0,0.0,0.0,0.0,0.0
2022-05-12,62,133,26,136,12,27,56,43,19,3,2,20,45,16,9,3,2,0,0.0,0.0,0.0,0,2,2.0,1.0,0.0,0.0,0.0,0.0,0.0,0.0
2022-05-13,56,159,34,162,18,23,75,48,20,3,3,14,45,23,10,8,3,2,1.0,0.0,0.0,0,0,0.0,1.0,2.0,0.0,0.0,0.0,0.0,0.0
2022-05-14,66,127,33,142,6,40,81,33,25,2,8,8,44,13,5,1,3,0,2.0,0.0,0.0,0,1,1.0,3.0,1.0,0.0,0.0,0.0,0.0,0.0
2022-05-15,77,146,30,143,11,46,90,28,26,1,5,9,42,22,2,4,0,2,0.0,0.0,0.0,0,2,4.0,0.0,1.0,0.0,0.0,0.0,0.0,0.0
2022-05-16,65,140,25,178,12,27,62,47,16,4,3,13,39,21,5,2,3,2,0.0,0.0,0.0,0,3,1.0,0.0,1.0,0.0,0.0,0.0,0.0,0.0
2022-05-17,55,123,29,170,12,37,66,46,15,2,4,12,45,19,6,2,1,1,0.0,6.0,0.0,0,1,1.0,0.0,0.0,1.0,0.0,0.0,0.0,0.0
2022-05-18,91,90,24,167,10,34,60,39,19,3,6,15,42,33,5,3,4,2,2.0,5.0,0.0,0,1,2.0,0.0,0.0,0.0,0.0,0.0,0.0,0.0
2022-05-19,73,142,29,173,10,25,63,45,20,3,5,13,48,12,8,3,3,1,1.0,2.0,0.0,0,1,3.0,1.0,0.0,0.0,0.0,0.0,2.0,0.0
2022-05-20,82,151,29,150,17,33,74,42,19,2,3,12,60,16,7,6,1,0,0.0,0.0,0.0,0,2,0.0,1.0,0.0,0.0,0.0,0.0,0.0,0.0
2022-05-21,44,137,20,121,8,39,67,39,33,2,5,10,39,10,3,3,1,0,2.0,0.0,0.0,0,1,2.0,1.0,0.0,0.0,0.0,0.0,0.0,0.0
2022-05-22,58,129,36,136,12,30,67,27,22,1,5,9,39,18,6,0,1,0,0.0,0.0,0.0,0,1,1.0,0.0,1.0,0.0,0.0,0.0,0.0,0.0
2022-05-23,69,125,36,144,8,35,70,51,23,2,6,18,45,23,6,4,2,1,0.0,0.0,0.0,0,1,2.0,1.0,0.0,0.0,0.0,0.0,0.0,0.0
2022-05-24,73,128,27,140,17,29,67,45,25,2,3,20,43,21,8,6,1,0,0.0,1.0,0.0,0,1,0.0,0.0,0.0,0.0,0.0,0.0,0.0,0.0
2022-05-25,67,114,36,157,9,39,80,35,20,6,4,16,47,18,8,8,2,1,0.0,0.0,0.0,0,0,0.0,1.0,1.0,2.0,0.0,0.0,0.0,0.0
2022-05-26,77,115,32,137,16,32,78,34,26,2,2,16,46,19,13,4,0,4,2.0,0.0,0.0,0,1,1.0,0.0,1.0,0.0,0.0,0.0,0.0,0.0
2022-05-27,69,104,36,134,15,34,60,43,23,2,11,17,63,22,10,7,1,1,0.0,8.0,0.0,0,1,0.0,3.0,0.0,1.0,0.0,0.0,0.0,0.0
2022-05-28,62,101,43,138,16,30,74,35,23,3,6,17,25,24,5,5,3,2,3.0,8.0,0.0,0,1,2.0,1.0,0.0,0.0,0.0,0.0,0.0,0.0
2022-05-29,77,166,58,129,8,30,96,24,27,1,4,9,33,19,2,3,5,3,1.0,0.0,0.0,0,0,0.0,1.0,0.0,1.0,0.0,0.0,0.0,0.0
2022-05-30,69,182,63,141,7,40,68,23,27,2,4,17,40,18,6,1,4,2,0.0,0.0,0.0,0,2,2.0,6.0,0.0,0.0,0.0,0.0,0.0,0.0
2022-05-31,76,137,24,151,13,35,90,36,13,6,3,14,43,34,6,3,2,4,0.0,0.0,0.0,0,0,1.0,0.0,0.0,0.0,1.0,0.0,0.0,0.0
2022-06-01,68,116,23,188,14,37,62,105,19,4,7,11,65,21,15,10,2,0,0.0,0.0,0.0,0,3,2.0,1.0,0.0,1.0,0.0,0.0,0.0,0.0
2022-06-02,68,116,28,174,17,36,75,42,19,3,4,21,39,12,4,3,3,3,0.0,0.0,0.0,0,1,0.0,0.0,0.0,0.0,0.0,0.0,0.0,0.0
2022-06-03,75,134,24,174,14,33,61,59,30,3,3,15,38,27,6,1,0,2,0.0,0.0,0.0,1,3,1.0,5.0,0.0,0.0,0.0,0.0,0.0,0.0
2022-06-04,65,136,20,140,5,28,57,39,26,1,5,9,39,24,2,1,1,4,1.0,0.0,0.0,0,0,2.0,2.0,2.0,0.0,0.0,0.0,0.0,0.0
2022-06-05,54,141,29,124,10,31,89,25,25,2,6,9,41,22,5,2,4,3,1.0,0.0,1.0,1,1,2.0,0.0,0.0,0.0,0.0,0.0,0.0,0.0
2022-06-06,69,98,23,151,15,30,77,62,26,1,5,8,53,19,5,3,3,0,0.0,0.0,0.0,0,1,2.0,0.0,0.0,0.0,0.0,0.0,0.0,0.0
2022-06-07,64,103,34,184,13,28,77,39,19,2,2,14,50,18,5,2,1,0,1.0,0.0,0.0,1,1,1.0,0.0,0.0,1.0,0.0,0.0,0.0,0.0
2022-06-08,75,97,19,177,10,29,53,45,23,0,1,16,50,20,7,2,3,1,2.0,0.0,1.0,0,3,1.0,1.0,0.0,2.0,0.0,0.0,0.0,0.0
2022-06-09,74,109,21,180,12,26,60,39,29,3,4,18,31,17,7,5,1,0,0.0,0.0,0.0,0,2,1.0,0.0,0.0,0.0,0.0,0.0,0.0,0.0
2022-06-10,75,124,23,157,10,25,74,58,17,3,6,10,48,18,3,3,5,1,0.0,0.0,0.0,0,0,0.0,1.0,0.0,0.0,0.0,0.0,1.0,0.0
2022-06-11,82,146,28,151,16,37,94,37,31,2,4,8,47,15,3,0,4,0,2.0,0.0,0.0,0,0,1.0,0.0,0.0,0.0,0.0,0.0,0.0,0.0
2022-06-12,66,167,35,138,5,49,86,18,30,5,3,9,40,23,3,2,3,5,0.0,0.0,0.0,0,0,2.0,2.0,0.0,1.0,0.0,0.0,0.0,0.0
2022-06-13,57,127,23,171,11,34,68,32,36,6,3,14,28,22,4,3,0,1,0.0,0.0,0.0,0,0,2.0,0.0,0.0,2.0,0.0,0.0,0.0,0.0
2022-06-14,60,124,29,163,12,39,58,63,20,6,3,18,36,18,3,2,0,3,0.0,0.0,0.0,0,1,1.0,1.0,1.0,1.0,0.0,0.0,0.0,0.0
2022-06-15,66,112,35,184,8,40,96,41,21,0,4,15,48,14,6,5,5,3,2.0,0.0,0.0,0,1,0.0,0.0,0.0,0.0,0.0,0.0,0.0,0.0
2022-06-16,59,146,30,154,22,38,79,47,24,2,6,15,55,27,4,6,2,0,1.0,0.0,0.0,0,0,2.0,0.0,0.0,1.0,1.0,0.0,0.0,0.0
2022-06-17,54,151,36,177,16,48,80,43,22,1,3,12,45,21,3,4,4,2,2.0,0.0,0.0,0,4,1.0,2.0,0.0,0.0,0.0,0.0,0.0,0.0
2022-06-18,59,134,35,185,13,47,98,43,32,2,4,5,38,18,5,4,2,1,0.0,0.0,0.0,0,0,0.0,0.0,2.0,0.0,0.0,0.0,0.0,0.0
2022-06-19,81,176,52,136,9,33,89,18,27,1,9,4,47,24,5,5,3,2,0.0,0.0,0.0,0,1,0.0,10.0,1.0,0.0,0.0,0.0,0.0,0.0
2022-06-20,76,150,36,176,12,38,82,44,28,3,6,18,49,21,4,0,6,1,1.0,0.0,0.0,0,1,2.0,6.0,0.0,0.0,0.0,0.0,0.0,0.0
2022-06-21,64,105,22,170,12,39,73,53,15,1,3,17,33,29,5,4,0,2,0.0,0.0,0.0,0,1,2.0,1.0,1.0,0.0,0.0,0.0,0.0,0.0
2022-06-22,76,113,20,179,11,42,84,45,28,2,5,12,42,26,1,6,1,1,0.0,3.0,0.0,1,1,0.0,0.0,0.0,0.0,0.0,0.0,0.0,0.0
2022-06-23,65,116,28,136,12,39,87,40,24,2,3,8,48,18,7,6,3,1,1.0,0.0,0.0,0,0,1.0,0.0,0.0,0.0,0.0,0.0,0.0,0.0
2022-06-24,78,120,28,195,21,55,85,44,24,3,4,9,48,30,1,1,5,1,0.0,5.0,0.0,0,0,1.0,1.0,0.0,1.0,0.0,0.0,0.0,0.0
2022-06-25,57,136,31,178,6,36,71,38,19,1,8,7,49,25,6,3,2,1,0.0,1.0,0.0,0,1,2.0,0.0,0.0,0.0,0.0,0.0,0.0,0.0
2022-06-26,61,188,25,199,7,46,80,34,21,4,4,7,19,21,4,3,3,1,0.0,0.0,0.0,0,1,4.0,0.0,1.0,0.0,0.0,0.0,0.0,0.0
2022-06-27,59,119,28,166,17,34,97,51,29,6,5,20,37,26,3,5,0,2,0.0,0.0,0.0,0,2,2.0,0.0,0.0,1.0,0.0,0.0,0.0,0.0
2022-06-28,67,116,36,191,15,34,90,36,12,4,6,28,47,36,3,0,1,1,1.0,0.0,0.0,0,1,2.0,0.0,1.0,0.0,0.0,0.0,0.0,0.0
2022-06-29,72,109,32,181,10,58,67,38,27,6,3,13,49,28,1,3,1,2,0.0,0.0,0.0,0,2,0.0,0.0,1.0,0.0,0.0,0.0,0.0,0.0
2022-06-30,66,117,32,164,10,49,79,65,30,5,4,18,50,34,2,3,5,1,1.0,0.0,0.0,0,5,0.0,0.0,0.0,0.0,0.0,0.0,0.0,0.0
2022-07-01,78,125,44,197,16,65,101,103,28,3,11,25,62,32,8,10,6,2,0.0,0.0,0.0,0,1,0.0,1.0,0.0,1.0,0.0,0.0,0.0,0.0
2022-07-02,61,133,41,165,12,55,105,37,38,2,8,26,30,16,5,2,2,2,0.0,0.0,0.0,0,2,3.0,2.0,2.0,0.0,0.0,0.0,1.0,0.0
2022-07-03,80,157,47,126,14,46,75,19,33,2,5,20,42,33,5,5,4,1,2.0,0.0,0.0,0,0,0.0,2.0,0.0,0.0,0.0,0.0,0.0,0.0
2022-07-04,60,153,56,135,15,43,109,15,19,7,6,15,35,19,9,5,1,1,1.0,0.0,0.0,0,2,2.0,3.0,0.0,0.0,0.0,0.0,0.0,0.0
2022-07-05,52,121,14,146,12,40,82,51,26,3,3,12,36,17,8,3,4,1,0.0,0.0,0.0,1,1,1.0,0.0,0.0,0.0,0.0,0.0,0.0,0.0
2022-07-06,59,111,27,173,16,37,70,51,24,0,4,7,55,18,3,0,1,0,0.0,0.0,0.0,0,2,1.0,0.0,0.0,1.0,0.0,0.0,0.0,0.0
2022-07-07,62,117,28,186,11,42,77,54,19,2,3,7,44,22,6,6,3,2,0.0,0.0,0.0,0,1,0.0,1.0,0.0,1.0,0.0,0.0,0.0,0.0
2022-07-08,65,110,18,162,13,53,80,58,11,3,5,8,57,27,5,5,1,0,1.0,0.0,0.0,0,1,2.0,1.0,2.0,0.0,0.0,0.0,0.0,0.0
2022-07-09,80,126,22,166,11,51,64,19,23,1,6,9,44,16,3,3,1,0,1.0,0.0,1.0,0,0,0.0,0.0,0.0,0.0,0.0,0.0,0.0,0.0
2022-07-10,55,144,19,161,12,56,80,16,36,1,8,13,35,30,8,0,0,1,2.0,0.0,0.0,0,2,3.0,0.0,1.0,0.0,0.0,0.0,0.0,0.0
2022-07-11,53,102,28,184,15,61,86,37,31,4,1,11,47,29,5,3,4,1,1.0,0.0,0.0,0,2,2.0,0.0,0.0,1.0,0.0,0.0,0.0,0.0
2022-07-12,60,101,33,175,13,45,80,39,23,2,3,13,43,24,9,1,1,2,0.0,0.0,0.0,0,2,1.0,1.0,1.0,2.0,0.0,0.0,0.0,0.0
2022-07-13,65,97,14,186,14,54,67,47,7,0,4,11,42,19,8,2,0,2,0.0,0.0,0.0,0,0,6.0,0.0,0.0,1.0,0.0,0.0,0.0,0.0
2022-07-14,63,98,31,168,16,48,94,42,23,1,6,11,42,27,8,3,1,4,0.0,0.0,1.0,0,0,0.0,0.0,0.0,2.0,0.0,0.0,0.0,1.0
2022-07-15,62,82,17,156,7,54,68,57,20,4,4,12,46,23,3,6,1,1,1.0,0.0,0.0,0,2,1.0,3.0,0.0,0.0,0.0,0.0,0.0,0.0
2022-07-16,52,103,32,195,11,50,84,36,33,3,11,9,27,27,5,1,2,1,1.0,0.0,0.0,0,0,0.0,0.0,1.0,1.0,0.0,0.0,0.0,0.0
2022-07-17,62,139,28,204,11,70,94,23,26,3,3,8,39,17,5,3,5,1,0.0,4.0,0.0,1,1,2.0,2.0,1.0,0.0,0.0,0.0,0.0,0.0
2022-07-18,65,136,24,194,16,77,84,58,31,1,3,8,49,21,8,5,2,0,0.0,0.0,0.0,0,1,1.0,1.0,0.0,0.0,0.0,0.0,0.0,0.0
2022-07-19,55,118,27,191,8,55,76,53,21,1,4,11,45,29,3,1,1,2,0.0,0.0,0.0,0,2,2.0,0.0,1.0,0.0,0.0,0.0,0.0,0.0
2022-07-20,61,120,27,187,9,63,63,43,23,0,4,12,44,12,15,3,2,2,1.0,2.0,0.0,0,0,3.0,0.0,0.0,0.0,0.0,0.0,0.0,0.0
2022-07-21,56,113,23,162,19,48,87,34,27,2,1,11,36,26,2,3,2,0,0.0,0.0,0.0,0,0,0.0,1.0,0.0,0.0,0.0,0.0,0.0,0.0
2022-07-22,72,115,30,207,12,65,79,37,28,4,3,14,51,23,7,4,4,0,0.0,0.0,0.0,0,2,1.0,1.0,0.0,0.0,0.0,0.0,0.0,0.0
2022-07-23,67,147,25,146,7,58,94,29,28,1,9,3,46,26,4,2,1,0,1.0,0.0,0.0,0,0,0.0,0.0,2.0,0.0,0.0,0.0,1.0,0.0
2022-07-24,73,156,25,147,9,82,86,20,20,4,7,8,35,22,6,6,4,1,1.0,0.0,0.0,0,3,1.0,1.0,1.0,1.0,0.0,0.0,0.0,0.0
2022-07-25,72,123,32,171,19,59,88,53,24,2,4,10,39,21,4,3,2,2,0.0,0.0,0.0,0,1,1.0,0.0,1.0,0.0,0.0,0.0,0.0,0.0
2022-07-26,77,117,28,163,12,64,77,52,26,2,3,18,49,12,7,0,1,1,0.0,0.0,0.0,0,2,1.0,0.0,0.0,1.0,0.0,0.0,0.0,0.0
2022-07-27,61,101,26,182,7,61,84,43,21,3,4,15,38,21,5,7,5,1,0.0,0.0,0.0,0,0,1.0,0.0,0.0,2.0,0.0,0.0,0.0,0.0
2022-07-28,51,101,26,217,10,69,79,59,35,2,5,10,49,16,4,4,1,4,1.0,1.0,0.0,0,0,1.0,0.0,0.0,0.0,0.0,0.0,0.0,0.0
2022-07-29,56,99,21,333,14,63,73,48,27,2,8,12,43,26,1,5,0,3,1.0,1.0,0.0,1,1,1.0,1.0,1.0,0.0,0.0,0.0,0.0,0.0
2022-07-30,69,135,32,337,7,59,90,32,23,1,3,13,26,28,3,4,2,1,0.0,0.0,0.0,0,1,1.0,1.0,0.0,2.0,0.0,0.0,0.0,0.0
2022-07-31,60,152,43,211,14,67,93,21,12,0,3,7,34,21,8,4,4,2,1.0,0.0,0.0,0,3,1.0,0.0,1.0,0.0,0.0,0.0,0.0,0.0
2022-08-01,65,104,24,195,12,61,85,89,23,0,12,9,54,15,13,8,3,1,0.0,0.0,0.0,0,2,2.0,0.0,1.0,1.0,0.0,0.0,0.0,0.0
2022-08-02,69,128,28,178,14,55,85,49,25,1,6,16,29,25,7,2,1,1,0.0,0.0,0.0,0,1,0.0,1.0,0.0,0.0,0.0,0.0,0.0,0.0
2022-08-03,67,103,32,162,12,77,99,54,24,2,8,15,44,23,6,3,2,0,0.0,0.0,0.0,1,4,1.0,0.0,0.0,1.0,0.0,0.0,0.0,0.0
2022-08-04,65,128,23,187,17,61,98,38,21,3,4,11,43,19,9,3,2,0,0.0,2.0,0.0,0,1,2.0,0.0,0.0,1.0,0.0,0.0,1.0,0.0
2022-08-05,70,142,32,195,17,68,84,50,17,2,5,16,43,28,8,5,1,1,0.0,0.0,0.0,0,4,0.0,1.0,1.0,0.0,0.0,0.0,0.0,0.0
2022-08-06,64,148,33,156,7,67,97,42,32,4,9,7,35,24,4,4,6,0,1.0,3.0,0.0,0,5,2.0,0.0,0.0,0.0,0.0,0.0,0.0,0.0
2022-08-07,62,158,26,140,10,70,82,25,25,1,6,10,44,26,3,5,3,2,1.0,1.0,0.0,0,1,2.0,1.0,0.0,1.0,0.0,0.0,0.0,0.0
2022-08-08,65,103,14,159,21,64,76,48,17,2,3,19,40,19,4,2,1,2,1.0,0.0,0.0,1,2,0.0,0.0,0.0,0.0,0.0,0.0,0.0,0.0
2022-08-09,59,121,25,165,14,57,79,49,26,1,1,18,31,24,5,4,1,2,1.0,0.0,0.0,0,0,1.0,0.0,0.0,0.0,1.0,0.0,0.0,0.0
2022-08-10,69,107,35,181,17,58,85,54,19,0,4,18,48,20,5,8,1,2,1.0,0.0,0.0,1,1,0.0,0.0,0.0,1.0,0.0,0.0,0.0,0.0
2022-08-11,63,136,27,162,6,73,90,47,27,2,1,15,43,21,4,4,2,0,0.0,1.0,0.0,0,2,0.0,0.0,0.0,1.0,0.0,0.0,0.0,0.0
2022-08-12,61,124,26,186,10,96,92,54,27,1,3,16,34,28,3,4,3,0,0.0,0.0,0.0,0,0,2.0,0.0,1.0,1.0,0.0,0.0,0.0,0.0
2022-08-13,61,148,24,171,6,69,95,37,30,1,7,2,27,13,6,0,4,0,0.0,0.0,0.0,0,2,1.0,0.0,0.0,1.0,0.0,0.0,0.0,0.0
2022-08-14,63,138,34,154,11,62,91,30,27,2,4,14,36,16,5,7,6,0,2.0,0.0,0.0,0,2,2.0,0.0,1.0,0.0,0.0,0.0,0.0,0.0
2022-08-15,60,100,26,191,11,67,93,56,23,0,5,12,48,14,4,5,1,0,0.0,0.0,0.0,0,1,1.0,0.0,0.0,0.0,0.0,0.0,0.0,0.0
2022-08-16,66,97,26,150,16,52,73,42,23,3,5,16,49,18,8,3,3,1,2.0,0.0,0.0,1,1,2.0,0.0,0.0,0.0,0.0,0.0,0.0,0.0
2022-08-17,53,111,29,174,8,58,92,52,26,1,6,11,41,28,3,2,3,0,0.0,0.0,0.0,0,0,1.0,0.0,1.0,1.0,0.0,0.0,0.0,0.0
2022-08-18,62,105,29,162,10,64,60,44,29,1,1,16,39,24,6,1,0,1,0.0,1.0,0.0,0,3,3.0,2.0,0.0,0.0,0.0,0.0,0.0,0.0
2022-08-19,65,137,23,165,14,79,87,46,19,3,3,13,36,15,8,1,2,1,0.0,0.0,1.0,0,3,1.0,0.0,0.0,1.0,0.0,0.0,0.0,0.0
2022-08-20,53,127,25,153,11,72,82,29,48,3,2,12,30,24,4,5,0,0,1.0,3.0,0.0,0,0,0.0,1.0,0.0,1.0,0.0,0.0,0.0,0.0
2022-08-21,59,132,30,152,9,67,103,20,24,1,6,11,35,19,2,0,3,1,1.0,0.0,0.0,0,0,1.0,0.0,0.0,1.0,0.0,0.0,0.0,0.0
2022-08-22,63,112,25,167,15,68,91,39,32,0,3,14,38,26,8,9,2,2,0.0,0.0,0.0,1,0,2.0,0.0,0.0,0.0,0.0,0.0,0.0,0.0
2022-08-23,68,106,23,170,13,71,75,47,20,3,2,14,43,20,7,2,4,2,1.0,6.0,0.0,0,0,1.0,0.0,1.0,0.0,0.0,0.0,0.0,0.0
2022-08-24,57,102,22,185,15,73,76,53,19,4,2,20,44,18,3,7,1,1,0.0,0.0,0.0,0,2,3.0,0.0,1.0,0.0,0.0,0.0,0.0,1.0
2022-08-25,74,106,24,157,11,52,91,48,18,2,1,19,39,32,9,7,0,3,0.0,0.0,0.0,0,1,0.0,0.0,1.0,1.0,0.0,0.0,1.0,0.0
2022-08-26,54,116,29,189,15,78,105,53,22,1,4,14,41,26,3,3,3,2,1.0,0.0,0.0,1,4,2.0,1.0,0.0,0.0,0.0,0.0,0.0,0.0
2022-08-27,73,135,33,174,11,77,106,34,17,3,9,16,34,22,9,4,4,1,1.0,3.0,0.0,0,0,4.0,0.0,1.0,0.0,0.0,0.0,0.0,0.0
2022-08-28,68,130,24,146,14,76,89,38,19,4,7,12,30,16,2,5,3,1,1.0,0.0,0.0,0,0,1.0,0.0,1.0,1.0,0.0,0.0,0.0,0.0
2022-08-29,58,115,33,168,20,67,95,56,23,0,3,9,34,26,10,6,0,1,0.0,0.0,0.0,0,1,1.0,0.0,0.0,0.0,0.0,0.0,0.0,0.0
2022-08-30,79,111,23,176,13,83,72,49,27,2,8,6,39,16,9,2,2,2,0.0,2.0,0.0,0,1,1.0,0.0,0.0,0.0,0.0,0.0,0.0,0.0
2022-08-31,69,109,25,172,12,70,85,52,20,3,6,19,43,28,9,5,2,3,0.0,1.0,0.0,0,2,1.0,0.0,0.0,1.0,0.0,0.0,0.0,0.0
2022-09-01,69,96,18,180,9,73,81,93,30,2,13,16,63,25,7,6,2,0,0.0,1.0,0.0,0,6,3.0,1.0,1.0,2.0,0.0,0.0,0.0,0.0
2022-09-02,73,133,24,191,23,82,93,59,36,2,5,20,39,25,4,2,3,1,0.0,5.0,0.0,0,1,3.0,1.0,1.0,2.0,0.0,0.0,0.0,0.0
2022-09-03,65,166,34,164,17,92,102,42,32,3,4,12,33,25,3,6,6,0,1.0,0.0,0.0,0,1,1.0,0.0,0.0,0.0,0.0,0.0,0.0,0.0
2022-09-04,64,151,29,140,21,69,101,25,27,2,5,9,37,17,2,2,4,3,0.0,0.0,0.0,1,0,1.0,1.0,2.0,1.0,0.0,0.0,0.0,0.0
2022-09-05,58,144,31,141,15,87,98,35,32,3,4,12,35,19,5,2,2,4,0.0,0.0,0.0,0,1,3.0,0.0,0.0,1.0,0.0,0.0,0.0,0.0
2022-09-06,65,128,17,181,11,79,83,60,26,3,3,20,37,24,7,5,2,1,0.0,0.0,0.0,0,2,4.0,0.0,0.0,0.0,0.0,0.0,0.0,0.0
2022-09-07,76,120,29,182,9,60,75,58,26,3,8,15,33,20,5,6,1,1,1.0,14.0,0.0,0,2,1.0,2.0,0.0,0.0,0.0,0.0,0.0,0.0
2022-09-08,75,112,17,194,14,59,85,79,17,2,3,25,37,27,4,2,2,4,1.0,0.0,0.0,0,0,3.0,0.0,1.0,0.0,0.0,0.0,0.0,0.0
2022-09-09,76,116,22,195,9,69,90,64,22,1,2,14,43,30,10,5,7,1,0.0,0.0,0.0,0,0,1.0,1.0,1.0,1.0,0.0,0.0,0.0,0.0
2022-09-10,61,132,32,216,13,73,110,47,34,1,6,10,26,20,2,3,2,1,0.0,0.0,0.0,0,1,2.0,1.0,0.0,0.0,0.0,0.0,0.0,0.0
2022-09-11,52,125,23,137,10,77,91,26,43,1,6,4,34,21,4,1,2,2,0.0,0.0,0.0,0,0,3.0,0.0,0.0,1.0,0.0,0.0,0.0,0.0
2022-09-12,64,108,23,187,13,71,97,57,29,1,2,14,34,17,4,3,0,3,0.0,0.0,0.0,0,0,3.0,0.0,0.0,0.0,0.0,0.0,0.0,1.0
2022-09-13,65,116,28,173,10,63,57,53,10,6,6,9,44,15,4,5,3,0,0.0,8.0,0.0,0,0,0.0,0.0,0.0,0.0,0.0,0.0,0.0,0.0
2022-09-14,64,102,26,161,10,74,87,63,21,0,7,14,37,17,8,5,3,0,0.0,0.0,0.0,0,3,1.0,1.0,0.0,0.0,0.0,0.0,0.0,0.0
2022-09-15,64,104,38,150,10,71,98,62,23,2,6,12,33,19,3,7,2,1,2.0,0.0,0.0,0,2,0.0,1.0,0.0,1.0,1.0,0.0,0.0,0.0
2022-09-16,60,132,25,159,7,79,97,65,30,4,5,7,34,23,5,3,1,1,0.0,4.0,0.0,0,1,1.0,0.0,1.0,0.0,0.0,0.0,0.0,0.0
2022-09-17,57,147,35,136,14,88,102,31,37,6,8,6,27,22,0,5,3,3,1.0,7.0,0.0,0,0,2.0,0.0,0.0,1.0,0.0,0.0,0.0,0.0
2022-09-18,62,154,27,164,18,78,90,33,25,2,4,10,39,16,3,7,6,0,2.0,0.0,0.0,0,0,2.0,0.0,0.0,1.0,0.0,0.0,0.0,0.0
2022-09-19,58,133,19,188,17,97,83,47,33,4,3,18,39,23,9,2,1,0,1.0,1.0,0.0,2,2,4.0,0.0,0.0,0.0,0.0,0.0,0.0,0.0
2022-09-20,63,127,16,175,18,91,77,48,32,5,4,12,40,19,5,2,1,1,1.0,0.0,0.0,1,1,0.0,1.0,0.0,2.0,0.0,0.0,0.0,0.0
2022-09-21,57,126,36,190,12,90,91,62,22,3,3,15,47,32,4,6,2,0,2.0,4.0,0.0,0,0,1.0,3.0,1.0,1.0,0.0,0.0,0.0,0.0
2022-09-22,72,147,20,174,9,81,64,48,18,1,2,18,40,20,8,1,1,2,0.0,2.0,0.0,0,0,1.0,0.0,0.0,2.0,0.0,0.0,0.0,0.0
2022-09-23,49,109,27,182,16,89,77,55,24,0,6,11,46,23,4,4,4,1,0.0,0.0,0.0,0,0,0.0,1.0,2.0,0.0,0.0,0.0,0.0,0.0
2022-09-24,61,133,27,145,11,90,109,37,44,1,2,14,30,23,5,6,6,0,0.0,0.0,0.0,0,3,2.0,1.0,1.0,0.0,0.0,0.0,0.0,0.0
2022-09-25,47,105,16,140,14,84,91,37,44,1,5,9,40,18,6,1,2,0,0.0,0.0,0.0,0,2,0.0,0.0,2.0,0.0,0.0,0.0,0.0,0.0
2022-09-26,62,101,24,192,12,84,69,51,16,1,4,11,46,24,8,3,1,2,0.0,0.0,0.0,0,0,1.0,2.0,0.0,1.0,0.0,0.0,0.0,0.0
2022-09-27,62,95,29,175,10,71,74,44,28,1,4,9,38,16,2,3,3,2,0.0,6.0,0.0,1,3,1.0,3.0,0.0,1.0,0.0,0.0,0.0,0.0
2022-09-28,59,128,31,169,9,75,90,32,34,0,2,10,50,24,6,4,2,4,0.0,7.0,0.0,1,0,3.0,0.0,0.0,0.0,0.0,0.0,0.0,0.0
2022-09-29,68,118,28,156,8,94,69,59,46,1,3,12,36,26,9,5,1,0,0.0,0.0,0.0,1,0,1.0,0.0,0.0,0.0,0.0,0.0,0.0,0.0
2022-09-30,63,109,29,178,9,126,89,61,26,4,7,11,27,24,8,4,0,0,1.0,0.0,0.0,0,2,1.0,0.0,1.0,0.0,0.0,0.0,0.0,1.0
2022-10-01,68,129,30,201,8,105,80,81,30,0,10,7,49,26,9,4,4,1,0.0,0.0,0.0,3,1,1.0,0.0,1.0,1.0,0.0,0.0,0.0,0.0
2022-10-02,69,134,29,137,15,116,86,26,24,3,4,13,24,17,6,2,1,1,0.0,0.0,0.0,0,1,2.0,4.0,0.0,0.0,0.0,0.0,0.0,0.0
2022-10-03,53,101,19,151,13,95,84,66,46,2,2,14,48,17,2,0,1,2,0.0,0.0,0.0,0,1,0.0,1.0,0.0,0.0,0.0,0.0,0.0,0.0
2022-10-04,74,105,19,174,14,76,66,64,30,1,2,7,40,16,4,2,1,1,0.0,2.0,0.0,0,3,1.0,0.0,0.0,0.0,0.0,0.0,0.0,0.0
2022-10-05,62,96,27,194,6,74,88,67,26,3,3,21,36,17,7,3,0,2,0.0,0.0,0.0,0,3,0.0,0.0,0.0,0.0,0.0,0.0,0.0,0.0
2022-10-06,61,99,27,177,12,93,89,57,24,2,4,20,40,26,4,9,3,1,1.0,3.0,0.0,0,0,3.0,0.0,0.0,2.0,0.0,0.0,0.0,0.0
2022-10-07,55,101,27,157,15,87,87,69,22,1,2,17,39,24,5,2,0,1,0.0,0.0,0.0,1,1,1.0,0.0,0.0,0.0,0.0,0.0,0.0,0.0
2022-10-08,38,108,33,191,9,94,84,41,37,1,9,16,36,26,3,2,1,3,0.0,0.0,0.0,0,2,3.0,1.0,0.0,2.0,0.0,0.0,0.0,0.0
2022-10-09,48,121,36,130,15,92,91,23,33,1,4,7,35,16,4,3,1,2,0.0,0.0,0.0,0,2,0.0,1.0,1.0,0.0,0.0,0.0,0.0,0.0
2022-10-10,59,101,24,149,4,87,105,55,47,3,3,9,37,24,2,3,1,0,0.0,0.0,0.0,0,1,1.0,0.0,0.0,1.0,0.0,1.0,0.0,0.0
2022-10-11,55,93,11,174,14,91,84,54,29,1,7,11,24,23,2,1,4,0,0.0,1.0,0.0,0,3,4.0,1.0,0.0,0.0,0.0,0.0,0.0,0.0
2022-10-12,64,95,27,170,19,98,97,64,35,2,5,10,27,19,2,2,0,1,1.0,0.0,0.0,1,1,4.0,2.0,2.0,1.0,0.0,0.0,0.0,0.0
2022-10-13,48,98,14,184,16,102,80,37,16,2,7,9,39,19,1,0,3,1,0.0,2.0,0.0,1,1,1.0,0.0,0.0,0.0,0.0,0.0,0.0,0.0
2022-10-14,52,99,20,176,7,105,91,49,26,3,5,13,29,25,5,3,1,1,0.0,0.0,0.0,0,3,1.0,0.0,0.0,1.0,0.0,0.0,0.0,0.0
2022-10-15,64,111,21,166,14,115,113,55,30,3,8,10,42,20,2,1,5,2,1.0,0.0,0.0,0,1,1.0,0.0,0.0,0.0,0.0,0.0,0.0,0.0
2022-10-16,54,126,17,142,10,124,116,40,32,7,8,7,35,18,4,3,3,2,0.0,0.0,0.0,0,1,1.0,0.0,0.0,2.0,0.0,0.0,0.0,0.0
2022-10-17,54,101,14,187,8,106,75,53,26,4,4,16,45,24,3,3,4,1,0.0,0.0,0.0,0,3,0.0,0.0,0.0,0.0,0.0,0.0,0.0,0.0
2022-10-18,55,82,23,183,18,90,79,43,25,0,3,17,32,15,4,2,1,4,1.0,9.0,0.0,0,0,1.0,0.0,0.0,0.0,0.0,0.0,0.0,0.0
2022-10-19,63,99,25,171,20,88,84,55,25,1,4,22,40,22,3,2,0,1,1.0,0.0,0.0,0,1,0.0,0.0,1.0,0.0,0.0,0.0,0.0,0.0
2022-10-20,56,106,24,162,13,109,77,44,32,2,3,15,35,19,5,5,1,1,1.0,3.0,1.0,1,0,0.0,1.0,0.0,1.0,1.0,0.0,0.0,0.0
2022-10-21,68,111,24,172,12,126,96,54,28,0,1,2,38,16,5,4,2,1,0.0,0.0,0.0,0,0,2.0,1.0,1.0,1.0,0.0,0.0,0.0,0.0
2022-10-22,67,144,48,182,10,126,112,38,34,6,12,3,33,27,8,4,4,1,0.0,0.0,0.0,0,0,1.0,1.0,0.0,1.0,0.0,0.0,0.0,0.0
2022-10-23,65,174,37,161,11,135,112,29,47,0,6,11,47,18,3,3,8,0,0.0,0.0,0.0,0,0,1.0,1.0,2.0,1.0,0.0,0.0,0.0,0.0
2022-10-24,60,133,23,171,19,124,119,49,36,2,6,12,46,33,9,5,3,3,1.0,0.0,0.0,1,2,1.0,0.0,0.0,1.0,0.0,0.0,0.0,0.0
2022-10-25,64,111,18,127,13,127,76,50,29,4,6,8,39,22,4,4,1,0,0.0,0.0,0.0,0,3,1.0,0.0,0.0,1.0,0.0,0.0,0.0,0.0
2022-10-26,69,116,13,204,5,83,74,55,28,5,5,8,32,28,8,2,3,0,0.0,5.0,0.0,0,0,0.0,1.0,0.0,1.0,0.0,0.0,0.0,0.0
2022-10-27,58,100,17,190,12,75,84,66,24,3,4,16,50,23,10,3,1,1,1.0,1.0,0.0,0,3,3.0,2.0,0.0,3.0,0.0,0.0,0.0,0.0
2022-10-28,67,107,25,167,8,110,106,61,21,1,5,12,31,38,8,4,1,1,1.0,0.0,0.0,0,2,2.0,0.0,0.0,1.0,0.0,0.0,0.0,0.0
2022-10-29,53,121,24,178,14,122,100,25,44,4,6,4,38,18,3,4,5,0,0.0,0.0,0.0,0,2,1.0,2.0,1.0,1.0,0.0,1.0,0.0,0.0
2022-10-30,54,147,22,149,6,115,84,28,30,4,9,9,36,25,3,0,1,2,1.0,0.0,0.0,0,0,2.0,0.0,0.0,1.0,0.0,0.0,0.0,0.0
2022-10-31,60,129,17,162,14,91,114,59,29,1,5,12,41,27,6,6,1,0,0.0,0.0,1.0,0,4,2.0,0.0,2.0,0.0,0.0,0.0,0.0,0.0
2022-11-01,78,135,23,210,15,81,96,94,28,3,3,21,53,26,13,5,0,0,0.0,0.0,0.0,0,4,2.0,1.0,0.0,2.0,0.0,0.0,0.0,0.0
2022-11-02,66,97,16,197,15,112,91,61,27,0,6,9,38,24,5,4,1,0,1.0,0.0,0.0,0,3,1.0,0.0,0.0,0.0,0.0,0.0,0.0,0.0
2022-11-03,79,102,23,178,17,103,74,62,26,1,4,21,39,24,3,6,2,0,2.0,0.0,0.0,0,2,1.0,1.0,2.0,1.0,0.0,0.0,0.0,0.0
2022-11-04,62,104,25,188,10,123,93,47,28,1,5,13,39,22,5,8,4,2,1.0,0.0,0.0,0,0,1.0,2.0,1.0,0.0,0.0,0.0,0.0,0.0
2022-11-05,53,106,16,152,11,115,97,37,23,0,4,6,41,24,4,1,1,0,0.0,0.0,0.0,0,1,2.0,1.0,0.0,0.0,0.0,0.0,0.0,0.0
2022-11-06,57,139,23,150,5,124,102,27,25,1,6,5,34,23,4,6,3,1,1.0,0.0,0.0,1,2,0.0,1.0,0.0,0.0,0.0,0.0,0.0,0.0
2022-11-07,57,95,18,150,9,88,88,55,28,0,2,13,43,23,5,5,1,1,1.0,0.0,0.0,0,4,1.0,0.0,1.0,0.0,0.0,0.0,0.0,0.0
2022-11-08,44,84,15,157,13,87,80,43,27,0,2,9,29,28,1,1,1,0,0.0,4.0,0.0,0,5,2.0,1.0,1.0,1.0,0.0,0.0,0.0,0.0
2022-11-09,71,94,12,154,14,104,72,36,18,2,1,7,41,27,6,2,2,1,1.0,0.0,0.0,0,1,3.0,1.0,0.0,1.0,0.0,0.0,0.0,0.0
2022-11-10,78,119,16,167,14,86,90,38,30,1,3,6,36,22,4,3,5,0,0.0,0.0,0.0,0,0,0.0,1.0,1.0,1.0,0.0,0.0,0.0,0.0
2022-11-11,58,133,16,201,11,98,91,51,44,3,7,8,21,23,1,2,2,1,1.0,0.0,0.0,0,4,1.0,1.0,0.0,1.0,0.0,0.0,0.0,0.0
2022-11-12,46,112,24,151,17,120,88,39,43,2,1,15,26,21,4,4,1,2,0.0,0.0,0.0,0,1,1.0,3.0,0.0,0.0,0.0,0.0,0.0,0.0
2022-11-13,42,113,29,138,13,102,85,28,41,2,4,12,29,25,3,3,4,0,1.0,0.0,0.0,1,1,0.0,0.0,0.0,2.0,0.0,0.0,0.0,0.0
2022-11-14,62,91,13,135,12,76,63,51,27,3,4,18,35,17,4,4,5,1,1.0,0.0,0.0,0,1,1.0,0.0,1.0,0.0,0.0,0.0,0.0,0.0
2022-11-15,50,78,16,139,7,74,72,41,24,3,5,14,37,21,6,3,1,0,1.0,0.0,0.0,1,2,2.0,1.0,1.0,0.0,0.0,0.0,0.0,0.0
2022-11-16,57,100,13,156,10,88,74,48,16,3,3,10,30,23,4,3,2,0,1.0,1.0,0.0,0,0,1.0,1.0,0.0,0.0,0.0,0.0,0.0,0.0
2022-11-17,51,85,17,143,12,75,69,49,30,0,3,11,45,26,8,3,2,3,1.0,1.0,0.0,0,2,2.0,1.0,0.0,1.0,0.0,0.0,0.0,0.0
2022-11-18,60,98,10,172,13,101,73,45,22,3,7,8,39,29,8,5,1,3,0.0,0.0,0.0,0,4,0.0,0.0,0.0,1.0,0.0,0.0,0.0,0.0
2022-11-19,50,102,26,184,7,82,77,33,30,1,4,4,13,16,5,4,0,0,0.0,0.0,0.0,0,1,0.0,1.0,1.0,0.0,0.0,0.0,0.0,0.0
2022-11-20,49,100,24,122,11,108,67,27,21,2,5,8,24,21,3,2,2,2,0.0,0.0,0.0,0,0,0.0,1.0,1.0,0.0,0.0,0.0,0.0,0.0
2022-11-21,40,88,22,139,15,98,81,64,41,3,5,10,37,23,3,2,2,1,1.0,0.0,0.0,0,0,1.0,0.0,0.0,2.0,0.0,0.0,0.0,0.0
2022-11-22,48,86,12,140,10,91,96,60,27,0,7,16,45,21,4,0,3,0,1.0,0.0,0.0,0,2,0.0,0.0,0.0,1.0,0.0,0.0,0.0,0.0
2022-11-23,59,98,24,149,7,133,89,46,29,0,2,16,44,19,8,3,0,0,0.0,0.0,0.0,0,1,2.0,1.0,1.0,0.0,0.0,0.0,0.0,0.0
2022-11-24,44,116,13,106,9,92,74,25,11,1,2,6,25,26,4,2,2,0,2.0,4.0,0.0,0,5,0.0,0.0,0.0,0.0,0.0,0.0,0.0,0.0
2022-11-25,41,90,20,146,10,112,85,56,33,3,1,6,27,16,2,1,1,2,0.0,0.0,0.0,0,2,1.0,2.0,0.0,0.0,0.0,0.0,0.0,0.0
2022-11-26,38,103,35,184,13,110,88,28,33,2,1,7,26,21,2,1,5,0,0.0,0.0,0.0,0,0,1.0,1.0,0.0,1.0,0.0,0.0,0.0,0.0
2022-11-27,56,125,32,133,4,97,65,32,36,1,5,8,37,20,1,4,0,2,1.0,0.0,0.0,0,0,2.0,0.0,1.0,1.0,0.0,0.0,0.0,0.0
2022-11-28,55,85,25,173,10,89,81,68,37,1,3,12,33,25,5,3,2,1,0.0,0.0,0.0,0,3,0.0,0.0,0.0,1.0,0.0,0.0,0.0,0.0
2022-11-29,51,108,21,157,9,84,86,64,26,3,2,14,45,23,3,3,2,2,0.0,0.0,0.0,0,0,0.0,1.0,0.0,2.0,0.0,0.0,0.0,0.0
2022-11-30,53,96,18,143,8,99,72,55,14,1,3,26,43,18,2,6,0,0,0.0,4.0,0.0,0,1,1.0,0.0,0.0,0.0,0.0,0.0,0.0,0.0
2022-12-01,58,77,17,180,16,82,62,97,30,0,3,14,54,25,12,6,1,2,0.0,0.0,0.0,1,1,1.0,0.0,0.0,0.0,0.0,0.0,0.0,0.0
2022-12-02,65,111,22,160,15,94,73,64,47,2,4,17,47,24,11,7,3,0,1.0,0.0,0.0,0,2,1.0,2.0,1.0,0.0,0.0,0.0,0.0,0.0
2022-12-03,46,107,20,147,10,96,75,44,26,1,7,6,34,22,1,4,2,1,0.0,0.0,0.0,0,0,1.0,1.0,0.0,2.0,0.0,0.0,0.0,0.0
2022-12-04,57,114,18,142,12,92,84,52,35,2,7,15,34,13,4,4,0,1,0.0,0.0,1.0,1,0,1.0,0.0,0.0,0.0,0.0,0.0,0.0,0.0
2022-12-05,63,91,24,158,9,87,69,62,24,3,4,13,30,27,5,3,1,2,1.0,0.0,0.0,1,1,0.0,0.0,1.0,1.0,0.0,0.0,0.0,0.0
2022-12-06,62,102,18,182,12,92,72,70,36,1,2,22,51,17,4,3,4,0,0.0,1.0,0.0,0,0,1.0,0.0,1.0,1.0,0.0,0.0,0.0,0.0
2022-12-07,64,95,9,177,13,98,79,69,37,1,4,10,42,22,1,6,7,2,2.0,0.0,0.0,0,1,4.0,0.0,1.0,0.0,0.0,0.0,0.0,0.0
2022-12-08,49,113,15,159,12,106,69,58,42,1,1,14,31,35,3,2,1,0,1.0,0.0,0.0,0,1,3.0,0.0,0.0,0.0,0.0,0.0,0.0,0.0
2022-12-09,49,95,22,135,10,111,71,57,14,1,5,9,40,17,2,6,1,0,0.0,0.0,0.0,0,0,0.0,1.0,0.0,4.0,0.0,0.0,0.0,0.0
2022-12-10,40,117,25,177,11,124,85,38,54,2,4,3,33,21,5,1,2,0,1.0,0.0,0.0,0,3,1.0,2.0,0.0,0.0,0.0,0.0,0.0,0.0
2022-12-11,55,119,25,150,11,117,87,29,40,4,3,14,29,24,0,3,3,2,0.0,0.0,0.0,0,2,1.0,0.0,0.0,1.0,0.0,0.0,0.0,0.0
2022-12-12,64,102,17,137,19,93,94,58,43,3,2,18,39,30,6,4,1,0,1.0,0.0,0.0,0,2,0.0,0.0,0.0,0.0,0.0,0.0,0.0,0.0
2022-12-13,63,82,17,169,15,79,80,60,14,1,2,8,40,32,3,0,2,0,1.0,0.0,0.0,0,1,4.0,0.0,0.0,1.0,0.0,0.0,0.0,0.0
2022-12-14,57,106,14,147,13,82,59,53,12,5,3,13,42,16,4,2,3,1,0.0,0.0,0.0,0,1,1.0,0.0,0.0,2.0,0.0,0.0,0.0,0.0
2022-12-15,49,79,15,165,8,80,55,43,24,2,4,9,34,13,7,2,1,0,0.0,0.0,0.0,0,2,1.0,0.0,0.0,1.0,0.0,0.0,0.0,0.0
2022-12-16,44,88,14,163,6,93,73,56,41,0,0,8,26,19,4,4,7,0,2.0,0.0,0.0,0,2,1.0,1.0,0.0,0.0,0.0,1.0,0.0,0.0
2022-12-17,48,101,20,167,8,108,71,19,17,1,4,11,38,21,3,4,1,1,0.0,0.0,0.0,0,1,0.0,0.0,0.0,1.0,0.0,0.0,0.0,0.0
2022-12-18,53,98,21,133,4,84,72,26,36,1,2,9,32,32,8,2,0,0,0.0,0.0,0.0,0,1,2.0,0.0,0.0,0.0,0.0,0.0,0.0,0.0
2022-12-19,39,91,20,157,10,78,51,41,17,1,2,17,50,21,4,4,1,1,0.0,0.0,0.0,1,2,1.0,0.0,0.0,2.0,0.0,0.0,0.0,0.0
2022-12-20,56,81,16,174,11,88,91,47,14,3,2,16,28,24,8,2,1,2,0.0,0.0,0.0,0,3,1.0,0.0,0.0,1.0,0.0,0.0,0.0,0.0
2022-12-21,53,86,22,162,10,98,78,46,34,3,0,9,36,22,4,1,2,0,0.0,3.0,0.0,0,0,2.0,0.0,1.0,0.0,0.0,0.0,0.0,0.0
2022-12-22,37,85,9,129,13,72,55,41,35,1,0,8,22,25,5,1,2,0,0.0,2.0,0.0,0,0,1.0,0.0,0.0,0.0,0.0,0.0,0.0,1.0
2022-12-23,26,69,4,90,7,43,44,36,22,1,4,4,30,22,2,2,2,1,0.0,0.0,0.0,0,1,1.0,0.0,0.0,0.0,0.0,0.0,0.0,1.0
2022-12-24,28,84,5,81,6,53,41,15,19,0,0,1,27,27,2,1,1,0,0.0,0.0,0.0,0,0,1.0,0.0,1.0,0.0,0.0,0.0,0.0,0.0
2022-12-25,41,126,5,46,5,54,53,12,20,0,1,1,17,17,4,4,2,0,0.0,0.0,0.0,0,1,2.0,0.0,1.0,0.0,0.0,0.0,0.0,0.0
2022-12-26,59,86,8,97,5,55,56,27,20,0,4,6,17,19,2,1,1,2,0.0,0.0,0.0,1,0,0.0,0.0,0.0,0.0,0.0,0.0,0.0,0.0
2022-12-27,47,76,12,147,20,77,64,40,27,1,4,9,33,17,4,2,0,1,0.0,0.0,0.0,0,1,0.0,1.0,0.0,0.0,0.0,0.0,0.0,0.0
2022-12-28,44,102,17,112,12,103,78,38,28,1,4,12,38,23,3,0,1,0,1.0,0.0,0.0,0,1,0.0,0.0,0.0,0.0,0.0,0.0,0.0,0.0
2022-12-29,38,97,11,137,12,95,95,37,28,2,1,15,37,29,2,3,2,1,1.0,0.0,0.0,0,1,0.0,0.0,1.0,1.0,0.0,0.0,0.0,0.0
2022-12-30,51,106,23,125,11,95,100,43,37,2,4,8,38,18,4,0,2,1,0.0,0.0,0.0,0,2,0.0,0.0,2.0,2.0,0.0,0.0,0.0,0.0
2022-12-31,62,122,58,102,14,87,128,42,26,1,2,6,37,21,5,3,2,0,0.0,0.0,0.0,0,1,3.0,1.0,0.0,0.0,0.0,0.0,0.0,0.0
2023-01-01,91,205,63,119,7,87,159,58,25,2,12,11,62,20,11,9,5,0,1.0,0.0,0.0,1,4,1.0,1.0,0.0,0.0,0.0,0.0,0.0,0.0
2023-01-02,45,103,32,110,13,87,99,32,28,2,5,17,40,15,5,3,2,2,1.0,0.0,0.0,0,1,4.0,0.0,1.0,1.0,0.0,0.0,0.0,0.0
2023-01-03,52,92,24,144,12,98,131,54,32,1,2,16,31,31,2,4,1,3,0.0,0.0,0.0,0,1,1.0,1.0,0.0,0.0,0.0,0.0,0.0,0.0
2023-01-04,53,81,26,148,12,111,66,46,37,1,5,19,45,13,2,4,0,0,0.0,6.0,0.0,0,1,3.0,0.0,0.0,1.0,0.0,0.0,0.0,0.0
2023-01-05,37,92,26,141,13,89,75,47,36,1,4,15,46,12,7,1,1,1,0.0,6.0,0.0,0,2,0.0,1.0,0.0,0.0,0.0,0.0,0.0,0.0
2023-01-06,51,88,26,136,17,88,90,62,41,6,5,17,48,33,4,1,3,1,0.0,0.0,0.0,0,4,1.0,0.0,0.0,1.0,0.0,0.0,0.0,0.0
2023-01-07,54,107,19,165,12,95,89,32,42,1,2,12,43,19,6,2,0,0,1.0,8.0,0.0,0,1,1.0,1.0,1.0,0.0,0.0,0.0,0.0,0.0
2023-01-08,48,115,21,86,5,103,74,21,42,2,6,21,37,19,3,1,0,0,0.0,0.0,0.0,0,2,0.0,0.0,1.0,2.0,0.0,0.0,0.0,0.0
2023-01-09,64,84,22,139,14,82,65,52,29,1,4,16,49,22,4,1,3,2,1.0,0.0,0.0,1,2,2.0,0.0,0.0,1.0,0.0,0.0,0.0,0.0
2023-01-10,52,81,14,136,17,84,59,57,25,5,1,23,47,30,4,3,0,1,1.0,4.0,0.0,0,2,2.0,0.0,1.0,2.0,0.0,0.0,0.0,0.0
2023-01-11,64,108,25,157,11,100,94,52,23,2,3,26,32,25,2,3,1,1,0.0,8.0,0.0,0,2,0.0,0.0,0.0,1.0,0.0,0.0,1.0,0.0
2023-01-12,50,98,26,143,13,85,74,42,37,4,2,19,32,31,7,1,1,2,0.0,2.0,0.0,0,0,0.0,2.0,0.0,1.0,0.0,0.0,0.0,0.0
2023-01-13,65,83,18,163,13,100,70,54,31,1,5,8,43,20,5,3,1,0,1.0,7.0,0.0,0,2,1.0,1.0,0.0,1.0,0.0,0.0,0.0,0.0
2023-01-14,70,126,34,148,7,125,90,39,34,0,5,13,35,17,6,5,1,1,0.0,0.0,0.0,0,3,1.0,0.0,0.0,0.0,0.0,0.0,0.0,0.0
2023-01-15,53,117,29,160,11,123,116,33,21,0,2,14,36,22,5,4,3,1,2.0,1.0,0.0,0,2,0.0,0.0,0.0,1.0,0.0,0.0,0.0,0.0
2023-01-16,46,106,18,123,10,104,80,50,27,0,1,23,49,22,3,2,3,0,1.0,1.0,0.0,1,0,2.0,0.0,0.0,2.0,0.0,0.0,0.0,0.0
2023-01-17,37,91,22,166,16,99,108,51,19,0,5,20,40,34,4,2,0,0,1.0,7.0,0.0,0,1,4.0,0.0,1.0,0.0,0.0,0.0,0.0,0.0
2023-01-18,63,96,18,139,17,93,87,56,19,0,3,13,37,15,7,3,0,1,2.0,0.0,0.0,0,1,5.0,0.0,1.0,4.0,0.0,0.0,0.0,0.0
2023-01-19,59,103,25,149,12,98,69,42,15,2,3,17,50,21,5,1,0,0,1.0,3.0,0.0,0,2,2.0,1.0,0.0,1.0,0.0,0.0,0.0,0.0
2023-01-20,56,102,23,160,9,101,67,42,22,1,3,11,40,16,8,3,3,0,0.0,0.0,0.0,0,2,1.0,4.0,0.0,0.0,0.0,0.0,0.0,0.0
2023-01-21,52,131,24,175,11,102,64,27,36,5,6,14,31,23,7,2,3,1,1.0,0.0,0.0,0,2,1.0,0.0,0.0,1.0,0.0,0.0,0.0,0.0
2023-01-22,42,139,43,113,12,82,80,25,26,4,3,14,39,10,3,3,3,2,3.0,0.0,0.0,0,1,2.0,0.0,0.0,0.0,0.0,0.0,0.0,0.0
2023-01-23,58,90,24,122,12,97,74,54,23,1,4,22,39,31,9,5,4,4,0.0,0.0,0.0,0,1,2.0,1.0,0.0,1.0,0.0,0.0,0.0,0.0
2023-01-24,62,90,23,146,17,78,51,44,23,1,6,17,33,21,5,7,0,2,0.0,0.0,0.0,0,2,2.0,1.0,0.0,0.0,0.0,0.0,0.0,0.0
2023-01-25,60,84,13,135,10,76,60,52,24,2,2,9,50,20,5,2,1,1,1.0,3.0,0.0,0,3,0.0,0.0,0.0,1.0,0.0,0.0,0.0,0.0
2023-01-26,59,91,12,141,17,63,44,45,24,2,4,7,43,29,4,1,1,2,0.0,3.0,0.0,0,0,1.0,1.0,0.0,1.0,0.0,0.0,0.0,0.0
2023-01-27,59,73,16,141,13,88,57,49,48,1,8,15,34,21,9,4,1,0,1.0,4.0,0.0,0,1,1.0,1.0,0.0,0.0,0.0,0.0,0.0,0.0
2023-01-28,44,102,26,145,10,85,59,41,41,0,3,18,42,18,6,3,1,0,0.0,0.0,0.0,0,0,0.0,1.0,1.0,1.0,0.0,0.0,0.0,0.0
2023-01-29,50,107,18,105,19,69,48,26,30,2,4,11,26,20,2,0,0,2,1.0,0.0,0.0,0,1,1.0,0.0,0.0,1.0,0.0,0.0,0.0,0.0
2023-01-30,53,91,19,114,11,67,52,40,13,1,4,20,41,26,11,5,2,1,0.0,0.0,0.0,0,0,3.0,0.0,2.0,1.0,0.0,0.0,0.0,0.0
2023-01-31,52,90,11,112,13,55,36,48,17,3,2,10,44,21,7,3,0,1,0.0,0.0,0.0,0,0,2.0,0.0,3.0,1.0,0.0,0.0,0.0,0.0
2023-02-01,51,103,16,143,14,77,51,86,12,0,12,10,44,17,14,5,2,2,1.0,0.0,0.0,0,0,3.0,1.0,0.0,3.0,0.0,0.0,0.0,0.0
2023-02-02,54,102,16,139,12,70,56,61,18,1,3,20,53,15,5,4,0,2,2.0,0.0,0.0,0,2,3.0,1.0,0.0,0.0,0.0,0.0,0.0,0.0
2023-02-03,41,100,17,136,17,89,59,49,20,2,3,19,51,19,4,1,1,1,0.0,0.0,0.0,0,1,1.0,1.0,0.0,0.0,0.0,0.0,0.0,1.0
2023-02-04,48,118,23,140,14,82,69,49,50,6,3,14,34,23,4,4,1,2,0.0,0.0,0.0,0,1,3.0,0.0,0.0,0.0,0.0,0.0,0.0,1.0
2023-02-05,49,123,24,123,13,86,70,32,16,5,7,19,28,21,4,2,1,3,1.0,0.0,0.0,0,1,3.0,0.0,0.0,0.0,0.0,0.0,0.0,
2023-02-06,64,113,20,133,11,66,93,60,20,2,6,20,46,22,3,4,0,4,0.0,0.0,0.0,0,1,0.0,0.0,0.0,1.0,0.0,0.0,0.0,
2023-02-07,51,117,23,149,11,79,65,66,23,1,3,18,41,17,6,4,2,1,0.0,0.0,0.0,0,2,1.0,1.0,0.0,1.0,0.0,0.0,0.0,
2023-02-08,60,93,25,145,15,72,54,50,15,1,5,18,46,22,7,0,1,1,0.0,6.0,0.0,0,1,1.0,1.0,0.0,2.0,0.0,0.0,0.0,
2023-02-09,55,106,20,125,12,55,72,59,14,1,3,18,46,9,4,3,2,0,0.0,0.0,1.0,0,2,1.0,1.0,0.0,0.0,0.0,0.0,0.0,
2023-02-10,50,105,28,178,10,66,82,54,39,1,2,21,35,16,6,5,1,1,1.0,0.0,0.0,0,3,2.0,0.0,0.0,0.0,1.0,0.0,0.0,
2023-02-11,58,124,27,169,8,97,81,40,30,2,3,20,31,14,2,4,1,2,0.0,0.0,0.0,0,2,0.0,0.0,0.0,3.0,0.0,0.0,0.0,
2023-02-12,39,143,23,131,13,94,93,23,36,1,3,12,26,15,7,1,3,0,0.0,0.0,0.0,0,1,0.0,0.0,1.0,0.0,0.0,0.0,0.0,
2023-02-13,51,101,20,139,12,84,61,48,22,3,4,12,51,25,13,5,0,6,0.0,0.0,0.0,0,1,1.0,0.0,0.0,1.0,0.0,0.0,0.0,
2023-02-14,57,99,22,153,20,72,70,48,23,2,7,14,56,19,8,2,1,2,0.0,0.0,0.0,1,3,1.0,0.0,1.0,0.0,0.0,0.0,0.0,
2023-02-15,58,111,16,123,19,68,62,39,13,4,4,18,43,19,5,2,1,3,0.0,4.0,0.0,0,0,2.0,0.0,0.0,1.0,0.0,0.0,0.0,
2023-02-16,51,108,17,122,13,63,64,43,23,2,1,16,50,19,10,2,1,0,0.0,0.0,0.0,0,0,1.0,0.0,0.0,1.0,0.0,0.0,0.0,
2023-02-17,51,105,17,169,13,80,47,53,16,3,2,23,51,18,10,5,2,2,0.0,5.0,0.0,0,2,1.0,2.0,0.0,2.0,0.0,0.0,0.0,
2023-02-18,47,110,35,131,11,100,81,33,17,3,3,15,40,24,5,3,2,3,0.0,0.0,0.0,0,0,2.0,0.0,0.0,0.0,0.0,0.0,0.0,
2023-02-19,63,146,24,133,12,113,84,26,25,6,2,11,39,26,5,3,3,3,1.0,0.0,0.0,0,1,1.0,0.0,0.0,1.0,0.0,0.0,0.0,
2023-02-20,46,105,26,135,18,83,70,40,16,1,1,26,39,15,2,1,1,1,0.0,0.0,0.0,0,0,1.0,0.0,0.0,2.0,0.0,0.0,0.0,
2023-02-21,51,89,21,126,17,79,67,45,14,0,9,12,34,16,3,3,1,2,0.0,0.0,0.0,0,1,1.0,0.0,0.0,0.0,0.0,0.0,0.0,
2023-02-22,54,83,16,99,15,66,58,46,7,2,4,14,41,18,7,8,1,1,1.0,0.0,0.0,1,1,1.0,1.0,0.0,0.0,0.0,0.0,0.0,
2023-02-23,65,93,30,123,14,73,50,49,20,1,4,24,47,28,5,2,0,4,4.0,0.0,0.0,1,2,0.0,0.0,0.0,1.0,0.0,0.0,0.0,
2023-02-24,63,94,18,132,15,59,62,46,15,1,3,21,53,23,7,5,0,2,2.0,0.0,0.0,0,1,0.0,0.0,1.0,0.0,0.0,0.0,0.0,
2023-02-25,39,111,36,137,14,72,85,30,22,3,3,10,54,20,3,2,2,1,0.0,0.0,0.0,0,0,1.0,1.0,0.0,1.0,0.0,0.0,0.0,
2023-02-26,52,135,35,128,13,89,74,28,14,3,2,27,36,20,6,1,1,1,1.0,0.0,0.0,0,1,1.0,0.0,0.0,0.0,0.0,0.0,0.0,
2023-02-27,58,109,24,118,17,56,64,53,23,4,5,21,42,18,4,7,3,2,0.0,0.0,0.0,0,0,1.0,1.0,2.0,0.0,0.0,0.0,0.0,
2023-02-28,65,104,22,127,9,77,91,47,19,1,3,22,48,22,4,4,3,4,0.0,0.0,0.0,0,2,0.0,0.0,0.0,0.0,0.0,0.0,0.0,
2023-03-01,60,98,17,162,21,49,79,87,24,2,6,11,40,20,7,7,1,1,1.0,1.0,0.0,0,1,0.0,0.0,1.0,0.0,0.0,0.0,0.0,
2023-03-02,45,95,14,137,15,63,63,45,14,3,5,16,39,23,5,3,1,2,0.0,1.0,0.0,0,0,0.0,1.0,0.0,0.0,0.0,0.0,0.0,
2023-03-03,60,106,28,150,21,78,68,51,16,1,4,13,56,15,3,3,0,1,0.0,1.0,1.0,0,1,0.0,0.0,1.0,1.0,0.0,0.0,0.0,
2023-03-04,49,118,27,114,13,60,69,47,17,1,0,12,37,23,2,4,2,1,0.0,0.0,0.0,1,1,2.0,1.0,0.0,2.0,0.0,0.0,0.0,
2023-03-05,61,124,18,113,14,70,84,31,29,3,6,13,53,18,5,1,3,1,1.0,0.0,0.0,0,1,1.0,1.0,0.0,1.0,0.0,0.0,0.0,
2023-03-06,52,101,27,130,12,85,57,61,16,4,3,10,58,11,9,3,2,1,0.0,0.0,0.0,0,5,0.0,0.0,0.0,1.0,0.0,0.0,1.0,
2023-03-07,59,122,27,159,10,53,75,51,21,0,1,18,50,14,4,5,3,2,1.0,0.0,0.0,0,0,0.0,0.0,0.0,1.0,0.0,0.0,0.0,
2023-03-08,56,109,12,149,18,62,65,49,27,2,4,8,38,19,10,3,0,0,2.0,0.0,0.0,0,1,0.0,0.0,0.0,1.0,0.0,0.0,0.0,
2023-03-09,64,93,12,140,12,72,63,56,17,0,7,6,34,21,7,5,0,0,0.0,1.0,0.0,0,0,2.0,0.0,0.0,2.0,0.0,0.0,0.0,
2023-03-10,62,117,17,150,12,70,66,50,22,3,3,16,57,23,6,3,0,0,1.0,2.0,0.0,1,1,0.0,1.0,0.0,1.0,0.0,0.0,0.0,
2023-03-11,39,140,23,151,10,81,75,50,17,3,3,7,29,18,2,6,2,0,2.0,0.0,0.0,0,0,1.0,2.0,1.0,2.0,0.0,0.0,0.0,
2023-03-12,48,97,13,100,9,81,62,41,20,2,7,11,36,13,7,4,0,1,0.0,0.0,0.0,0,0,2.0,2.0,0.0,0.0,0.0,0.0,0.0,
2023-03-13,47,90,22,146,10,64,69,38,32,2,3,17,59,29,7,6,2,2,0.0,0.0,0.0,0,2,0.0,0.0,0.0,3.0,0.0,0.0,0.0,
2023-03-14,45,105,24,134,17,64,64,58,21,1,2,12,41,18,13,2,1,2,0.0,1.0,1.0,0,3,0.0,1.0,1.0,0.0,0.0,0.0,0.0,
2023-03-15,57,124,22,138,14,72,71,50,40,2,3,16,52,25,7,2,1,2,0.0,0.0,0.0,0,2,0.0,1.0,0.0,0.0,0.0,0.0,0.0,
2023-03-16,60,118,18,140,16,73,86,48,15,0,4,16,36,36,3,1,2,0,0.0,0.0,0.0,0,1,1.0,1.0,0.0,1.0,0.0,0.0,0.0,
2023-03-17,46,84,13,146,19,97,76,45,20,1,4,16,55,16,5,1,2,1,1.0,0.0,0.0,0,0,2.0,3.0,0.0,3.0,0.0,0.0,0.0,
2023-03-18,48,107,18,134,13,75,96,25,20,1,4,7,38,15,4,3,0,2,0.0,0.0,0.0,0,0,0.0,0.0,1.0,0.0,0.0,0.0,0.0,
2023-03-19,65,110,32,109,15,100,77,23,16,1,3,12,51,19,3,6,0,3,2.0,0.0,0.0,0,0,1.0,0.0,0.0,2.0,0.0,0.0,0.0,
2023-03-20,74,92,21,155,11,88,72,58,28,4,3,10,52,18,3,4,2,4,0.0,0.0,0.0,0,0,0.0,0.0,0.0,0.0,0.0,0.0,0.0,
2023-03-21,61,113,19,154,13,74,73,43,17,2,3,18,50,22,5,6,2,2,1.0,0.0,0.0,0,3,0.0,0.0,0.0,1.0,0.0,0.0,0.0,
2023-03-22,64,122,19,137,22,69,73,52,17,2,5,13,52,10,6,3,0,2,0.0,0.0,0.0,1,0,1.0,0.0,1.0,2.0,0.0,0.0,0.0,
2023-03-23,84,83,24,159,11,68,76,54,16,3,4,21,42,11,7,1,0,1,0.0,0.0,0.0,0,3,3.0,3.0,0.0,1.0,0.0,0.0,0.0,
2023-03-24,52,116,22,156,20,89,72,49,19,4,1,15,54,20,3,6,2,5,0.0,0.0,0.0,0,1,2.0,0.0,0.0,1.0,0.0,0.0,0.0,
2023-03-25,47,126,25,150,12,77,81,33,29,5,8,12,37,16,1,3,1,4,2.0,0.0,0.0,0,1,1.0,1.0,0.0,1.0,0.0,0.0,0.0,
2023-03-26,54,128,15,144,11,89,94,28,19,5,1,8,47,15,1,2,2,2,0.0,0.0,0.0,0,3,3.0,0.0,0.0,1.0,0.0,0.0,0.0,
2023-03-27,57,111,21,131,15,60,85,58,26,3,4,14,46,12,4,2,1,4,0.0,0.0,0.0,0,2,0.0,0.0,0.0,0.0,0.0,0.0,0.0,
2023-03-28,75,109,26,172,11,79,84,44,27,3,4,14,36,16,4,0,0,4,1.0,0.0,0.0,1,2,2.0,2.0,0.0,1.0,0.0,0.0,0.0,
2023-03-29,45,98,20,163,17,81,82,43,29,1,1,10,46,16,7,2,2,4,2.0,0.0,0.0,0,0,2.0,1.0,0.0,0.0,0.0,0.0,0.0,
2023-03-30,63,114,18,146,12,81,74,42,25,0,4,13,37,14,1,1,1,5,0.0,0.0,0.0,0,3,3.0,2.0,0.0,1.0,0.0,0.0,0.0,
2023-03-31,56,131,17,174,14,91,89,51,29,2,5,13,35,22,3,3,2,2,0.0,0.0,0.0,0,0,0.0,1.0,0.0,0.0,0.0,0.0,0.0,
2023-04-01,56,120,33,149,14,87,89,88,41,2,5,10,42,19,5,10,2,2,0.0,0.0,0.0,0,2,0.0,0.0,0.0,0.0,0.0,0.0,0.0,
2023-04-02,55,128,40,126,4,97,83,27,23,3,4,13,38,16,2,3,2,0,1.0,0.0,0.0,0,0,1.0,0.0,0.0,3.0,0.0,0.0,0.0,
2023-04-03,58,94,15,108,14,92,94,57,21,5,5,15,44,31,5,2,0,0,0.0,0.0,0.0,1,1,2.0,0.0,0.0,0.0,0.0,0.0,0.0,
2023-04-04,66,86,20,132,15,85,91,64,27,1,3,11,43,11,1,1,1,1,0.0,0.0,0.0,0,0,2.0,0.0,0.0,1.0,0.0,0.0,0.0,
2023-04-05,58,95,22,150,13,77,82,50,29,2,1,11,41,10,5,6,0,2,1.0,0.0,0.0,0,1,1.0,1.0,1.0,0.0,0.0,0.0,0.0,
2023-04-06,69,103,23,151,12,62,85,57,16,4,7,13,44,10,6,5,0,3,0.0,0.0,0.0,0,0,0.0,1.0,0.0,0.0,0.0,0.0,0.0,
2023-04-07,47,112,31,146,11,79,80,45,28,1,7,15,43,14,9,4,6,5,0.0,0.0,0.0,0,0,0.0,0.0,0.0,0.0,0.0,0.0,0.0,
2023-04-08,55,120,22,138,13,88,82,48,25,1,7,8,54,12,5,4,1,1,0.0,0.0,0.0,0,0,2.0,0.0,1.0,0.0,0.0,0.0,0.0,
2023-04-09,78,124,22,119,12,84,100,31,18,2,6,9,31,19,6,5,1,3,0.0,0.0,0.0,0,3,2.0,0.0,0.0,1.0,0.0,0.0,0.0,
2023-04-10,68,135,20,128,14,78,78,56,25,2,1,16,39,15,6,3,2,3,0.0,0.0,0.0,0,2,1.0,0.0,0.0,1.0,0.0,0.0,0.0,
2023-04-11,61,139,18,122,19,83,74,52,20,2,2,10,38,24,2,4,1,4,0.0,0.0,0.0,0,3,0.0,0.0,0.0,1.0,0.0,0.0,0.0,
2023-04-12,71,106,30,158,9,87,90,45,27,3,2,8,44,17,10,3,2,2,1.0,1.0,0.0,0,0,3.0,0.0,0.0,3.0,0.0,0.0,0.0,
2023-04-13,64,130,27,158,17,74,77,45,24,2,3,12,41,16,9,5,3,1,0.0,0.0,0.0,0,3,1.0,1.0,0.0,2.0,0.0,0.0,0.0,
2023-04-14,56,160,31,179,10,74,100,39,22,2,3,8,45,34,7,4,4,0,2.0,0.0,0.0,0,4,2.0,0.0,0.0,0.0,0.0,0.0,0.0,
2023-04-15,73,144,30,137,10,106,103,37,17,9,5,9,44,27,7,2,5,2,2.0,0.0,0.0,0,1,0.0,1.0,0.0,1.0,0.0,0.0,0.0,
2023-04-16,57,139,24,120,7,89,108,31,18,2,8,7,37,20,7,1,3,0,1.0,0.0,0.0,0,0,1.0,0.0,1.0,1.0,0.0,0.0,0.0,
2023-04-17,55,106,12,138,10,58,58,52,15,5,3,7,50,29,7,4,4,3,0.0,0.0,0.0,0,0,0.0,0.0,0.0,0.0,0.0,0.0,0.0,
2023-04-18,66,107,20,171,8,66,61,51,21,3,3,12,45,20,9,6,1,3,0.0,1.0,0.0,0,0,1.0,1.0,0.0,0.0,0.0,0.0,0.0,
2023-04-19,71,120,29,174,11,79,58,41,24,1,6,8,36,18,8,4,0,1,1.0,3.0,0.0,0,1,0.0,0.0,0.0,0.0,0.0,0.0,0.0,
2023-04-20,62,114,21,157,17,70,75,50,29,8,3,10,36,22,4,9,2,2,1.0,0.0,0.0,0,0,3.0,0.0,1.0,1.0,0.0,0.0,0.0,
2023-04-21,55,113,17,156,14,68,91,50,23,2,6,12,38,13,9,3,1,1,0.0,0.0,0.0,0,2,0.0,0.0,0.0,0.0,0.0,0.0,0.0,
2023-04-22,52,139,15,158,15,68,95,34,34,4,4,9,37,18,5,0,1,1,0.0,0.0,0.0,0,1,1.0,1.0,0.0,2.0,0.0,0.0,0.0,
2023-04-23,44,150,21,114,8,79,96,25,30,2,4,10,33,27,0,2,0,1,0.0,0.0,0.0,0,1,3.0,0.0,0.0,0.0,0.0,0.0,0.0,
2023-04-24,54,115,14,147,11,44,53,53,31,2,2,15,40,25,3,3,3,2,1.0,0.0,0.0,1,0,3.0,1.0,1.0,1.0,0.0,0.0,0.0,
2023-04-25,71,100,15,157,13,65,68,45,29,0,1,8,44,25,6,3,1,1,0.0,0.0,0.0,0,4,4.0,1.0,0.0,0.0,0.0,0.0,0.0,
2023-04-26,63,104,15,144,13,71,60,47,25,2,1,8,34,25,9,5,1,1,0.0,0.0,0.0,0,2,1.0,1.0,0.0,0.0,0.0,0.0,0.0,
2023-04-27,60,122,24,144,11,74,73,42,30,3,3,16,43,20,2,4,1,0,0.0,0.0,0.0,0,4,1.0,0.0,0.0,0.0,0.0,0.0,0.0,
2023-04-28,63,130,22,162,15,65,61,51,36,5,6,13,40,14,8,3,0,3,0.0,0.0,0.0,0,1,0.0,1.0,0.0,0.0,0.0,0.0,0.0,
2023-04-29,48,124,32,119,12,64,74,28,17,2,1,12,35,18,2,1,2,0,0.0,0.0,0.0,0,1,0.0,0.0,0.0,0.0,0.0,0.0,0.0,
2023-04-30,51,122,23,151,10,69,88,27,27,0,9,7,36,24,1,6,4,3,1.0,0.0,0.0,0,0,1.0,0.0,0.0,2.0,0.0,0.0,0.0,
2023-05-01,76,119,19,129,7,68,62,55,23,3,3,9,48,13,7,8,1,5,0.0,0.0,0.0,1,3,0.0,0.0,2.0,0.0,0.0,0.0,0.0,
2023-05-02,67,103,15,141,12,56,81,45,36,0,3,15,40,19,6,3,0,2,0.0,0.0,0.0,2,2,1.0,1.0,1.0,1.0,0.0,1.0,0.0,
2023-05-03,54,121,21,143,16,63,70,52,19,2,6,13,41,11,7,4,0,3,0.0,0.0,0.0,0,2,4.0,0.0,1.0,1.0,0.0,0.0,0.0,
2023-05-04,67,133,26,158,12,60,66,50,21,0,3,9,40,14,5,1,0,1,0.0,0.0,0.0,0,0,0.0,1.0,0.0,1.0,0.0,0.0,0.0,
2023-05-05,71,114,28,167,13,66,63,40,14,4,3,11,30,12,10,2,2,1,1.0,0.0,0.0,0,1,2.0,2.0,0.0,2.0,0.0,0.0,0.0,
2023-05-06,62,140,26,134,10,82,89,26,32,4,7,2,30,19,3,6,1,0,0.0,0.0,0.0,0,2,3.0,0.0,1.0,0.0,0.0,0.0,0.0,
2023-05-07,65,161,34,99,9,85,89,29,27,4,7,9,30,13,4,5,1,0,1.0,0.0,0.0,0,0,1.0,0.0,0.0,0.0,0.0,0.0,0.0,
2023-05-08,69,102,19,154,14,77,84,40,20,4,8,13,48,11,4,5,1,1,0.0,0.0,0.0,0,3,0.0,0.0,2.0,0.0,0.0,0.0,0.0,
2023-05-09,73,124,13,173,14,93,88,43,21,2,5,6,40,18,7,6,5,3,0.0,0.0,0.0,0,1,0.0,2.0,1.0,0.0,0.0,0.0,0.0,
2023-05-10,71,119,31,162,17,78,72,47,28,3,6,13,45,20,9,6,0,0,0.0,0.0,0.0,0,3,0.0,1.0,0.0,2.0,0.0,0.0,0.0,
2023-05-11,69,113,27,177,11,67,78,43,18,4,6,12,39,22,3,7,6,5,0.0,0.0,0.0,0,0,1.0,3.0,0.0,0.0,1.0,0.0,0.0,
2023-05-12,56,102,24,172,12,62,83,50,23,3,4,9,36,19,6,6,6,3,0.0,0.0,0.0,0,0,3.0,2.0,2.0,1.0,0.0,0.0,0.0,
2023-05-13,51,118,24,134,5,88,92,33,20,1,4,10,35,20,5,2,5,3,1.0,1.0,0.0,0,1,5.0,1.0,1.0,1.0,0.0,0.0,0.0,
2023-05-14,65,147,24,134,15,84,79,15,28,0,2,10,28,18,3,0,3,3,0.0,0.0,0.0,0,0,2.0,2.0,0.0,1.0,0.0,0.0,0.0,
2023-05-15,65,134,22,152,16,72,67,44,25,4,7,15,39,17,3,3,1,0,0.0,0.0,0.0,0,1,1.0,0.0,2.0,2.0,0.0,0.0,0.0,
2023-05-16,82,134,20,153,11,78,78,40,18,0,3,7,45,22,8,7,5,0,0.0,0.0,0.0,0,0,3.0,0.0,0.0,0.0,0.0,0.0,0.0,
2023-05-17,67,119,20,157,4,82,79,47,10,2,2,12,37,20,4,4,4,0,0.0,0.0,0.0,0,1,1.0,0.0,1.0,0.0,0.0,0.0,0.0,
2023-05-18,69,119,24,154,11,71,84,37,32,3,4,17,60,21,8,4,1,1,0.0,4.0,0.0,0,1,0.0,1.0,0.0,1.0,0.0,0.0,0.0,
2023-05-19,56,137,24,163,17,72,73,40,31,4,3,11,33,24,8,2,2,2,0.0,0.0,0.0,0,3,2.0,0.0,0.0,0.0,0.0,0.0,0.0,
2023-05-20,60,140,27,158,13,85,85,44,14,3,5,7,39,21,5,3,1,1,0.0,0.0,0.0,0,2,2.0,0.0,0.0,0.0,0.0,0.0,0.0,
2023-05-21,58,144,41,143,8,101,118,20,34,3,5,9,27,23,4,1,0,0,0.0,0.0,0.0,0,1,0.0,0.0,1.0,1.0,0.0,0.0,0.0,
2023-05-22,66,134,24,159,12,93,105,57,37,2,4,12,34,26,5,9,3,3,2.0,0.0,0.0,0,1,4.0,0.0,1.0,0.0,0.0,0.0,0.0,
2023-05-23,69,121,24,154,16,87,102,43,26,2,8,10,33,25,2,0,1,0,1.0,0.0,0.0,0,2,1.0,0.0,0.0,0.0,0.0,0.0,0.0,
2023-05-24,55,111,25,151,14,96,81,38,31,0,4,15,42,21,7,3,1,0,0.0,0.0,0.0,0,1,1.0,0.0,1.0,1.0,0.0,0.0,0.0,
2023-05-25,54,133,28,154,13,98,83,32,19,4,4,9,56,17,4,4,0,0,1.0,0.0,0.0,0,2,2.0,0.0,0.0,0.0,1.0,0.0,0.0,
2023-05-26,59,134,35,154,12,77,78,41,32,2,4,13,42,17,7,1,0,2,1.0,0.0,0.0,0,0,0.0,0.0,0.0,1.0,,0.0,0.0,
2023-05-27,79,139,33,138,8,62,99,21,42,3,5,14,29,31,8,6,10,2,0.0,0.0,0.0,0,2,4.0,0.0,1.0,1.0,,0.0,0.0,
2023-05-28,67,155,28,162,20,96,108,34,23,2,5,11,33,29,3,9,2,0,0.0,0.0,0.0,0,1,2.0,1.0,1.0,3.0,,0.0,0.0,
2023-05-29,66,119,50,135,12,92,91,30,29,6,7,10,41,20,6,3,0,2,1.0,0.0,0.0,0,1,4.0,1.0,2.0,0.0,,0.0,0.0,
2023-05-30,52,139,31,154,17,61,79,44,19,3,7,10,40,21,8,8,0,1,0.0,0.0,0.0,1,1,2.0,0.0,0.0,0.0,,0.0,0.0,
2023-05-31,65,118,34,136,18,71,74,47,19,4,1,9,50,23,2,1,2,1,0.0,0.0,0.0,0,1,1.0,0.0,1.0,2.0,,0.0,0.0,
2023-06-01,76,128,24,166,14,50,79,66,17,0,5,15,47,25,4,5,1,0,0.0,6.0,0.0,0,2,4.0,1.0,0.0,3.0,,1.0,0.0,
2023-06-02,67,145,28,180,10,79,81,55,15,6,2,9,53,22,7,2,3,3,1.0,0.0,1.0,0,1,4.0,2.0,0.0,0.0,,,1.0,
2023-06-03,69,154,34,146,12,91,82,35,32,3,6,13,48,21,2,4,5,2,1.0,0.0,,0,0,4.0,0.0,0.0,1.0,,,0.0,
2023-06-04,65,165,18,145,12,94,81,34,25,1,7,8,31,21,5,2,4,0,0.0,0.0,,0,0,1.0,1.0,0.0,1.0,,,0.0,
2023-06-05,75,130,31,159,8,87,93,55,27,2,1,13,42,25,4,2,2,1,0.0,0.0,,0,3,2.0,0.0,0.0,1.0,,,0.0,
2023-06-06,71,129,31,164,5,69,90,32,10,4,4,11,53,21,5,3,2,1,0.0,0.0,,0,2,0.0,1.0,0.0,1.0,,,0.0,
2023-06-07,74,120,18,161,17,82,69,45,23,3,3,8,47,17,2,3,1,2,2.0,2.0,,0,0,0.0,0.0,0.0,1.0,,,0.0,
2023-06-08,64,116,18,150,13,70,80,32,15,2,4,11,36,15,7,5,1,2,0.0,0.0,,0,0,0.0,2.0,3.0,1.0,,,0.0,
2023-06-09,61,105,24,154,14,84,80,39,23,3,9,8,33,20,4,3,2,3,1.0,4.0,,0,0,2.0,4.0,1.0,1.0,,,0.0,
2023-06-10,60,152,22,182,15,72,102,32,33,1,6,7,36,24,2,2,1,1,0.0,0.0,,0,0,3.0,0.0,1.0,0.0,,,0.0,
2023-06-11,52,138,21,139,3,86,87,19,19,6,2,10,47,11,4,3,3,2,0.0,0.0,,0,1,1.0,0.0,1.0,0.0,,,0.0,
2023-06-12,65,95,22,146,11,101,101,42,22,1,1,15,50,20,3,1,1,2,3.0,0.0,,0,0,1.0,0.0,0.0,0.0,,,0.0,
2023-06-13,54,102,23,174,13,79,79,39,25,3,3,12,41,17,3,4,1,2,0.0,0.0,,0,2,1.0,0.0,0.0,1.0,,,0.0,
2023-06-14,70,113,17,153,12,86,81,36,16,0,4,13,56,10,6,3,1,1,0.0,0.0,,0,0,1.0,2.0,0.0,2.0,,,0.0,
2023-06-15,49,105,26,166,10,76,80,28,25,2,3,22,41,28,3,3,0,2,1.0,4.0,,0,0,2.0,1.0,0.0,0.0,,,0.0,
2023-06-16,70,93,35,157,12,78,83,38,33,1,3,23,40,25,6,4,2,2,2.0,1.0,,0,0,0.0,1.0,0.0,0.0,,,0.0,
2023-06-17,69,151,34,164,13,54,80,32,25,3,5,7,37,19,6,2,3,2,0.0,7.0,,0,2,1.0,0.0,0.0,1.0,,,0.0,
2023-06-18,74,163,34,165,9,109,105,24,21,4,7,10,26,9,4,4,6,0,1.0,0.0,,0,1,3.0,0.0,1.0,1.0,,,0.0,
2023-06-19,58,140,46,155,13,79,69,26,29,1,6,14,41,19,5,1,3,4,0.0,0.0,,0,2,2.0,0.0,0.0,0.0,,,0.0,
2023-06-20,74,141,22,152,12,92,92,42,30,4,3,10,40,25,4,3,2,1,0.0,0.0,,0,1,1.0,1.0,0.0,0.0,,,0.0,
2023-06-21,56,112,14,158,15,96,77,26,30,1,2,13,41,15,5,3,0,1,3.0,2.0,,0,0,3.0,0.0,0.0,0.0,,,0.0,
2023-06-22,61,131,26,180,11,97,101,37,22,3,11,12,31,23,4,3,2,2,0.0,0.0,,0,1,1.0,0.0,0.0,1.0,,,0.0,
2023-06-23,70,114,22,184,18,100,85,38,36,2,5,15,42,14,5,1,4,0,0.0,1.0,,0,3,2.0,0.0,0.0,1.0,,,0.0,
2023-06-24,70,152,34,159,10,91,90,20,27,3,3,16,34,16,4,3,0,1,2.0,,,0,2,1.0,1.0,2.0,0.0,,,0.0,
2023-06-25,83,182,27,191,12,88,84,24,53,4,8,8,45,20,1,4,5,1,0.0,,,0,0,3.0,0.0,1.0,0.0,,,0.0,
2023-06-26,54,120,32,189,10,78,99,29,36,6,5,13,73,25,5,6,2,1,0.0,,,0,0,0.0,0.0,0.0,0.0,,,1.0,
2023-06-27,66,112,21,161,11,96,92,25,37,3,6,18,51,18,6,4,3,0,0.0,,,0,3,0.0,0.0,0.0,0.0,,,,
2023-06-28,76,96,21,129,16,75,76,17,25,3,3,17,35,18,4,5,2,0,2.0,,,0,2,2.0,0.0,1.0,1.0,,,,
2023-06-29,66,107,26,130,14,84,101,38,31,0,3,13,42,17,2,1,4,1,,,,0,1,2.0,1.0,1.0,1.0,,,,
2023-06-30,83,130,34,129,8,93,94,35,26,3,4,14,38,23,3,3,3,1,,,,1,1,,,,1.0,,,,
